variant_key,gene,aa1,aa2,protein_position,functional_label,reference_hydro,alternate_hydro,delta_hydro,absolute_delta_hydro,reference_charge,alternate_charge,delta_charge,absolute_delta_charge,reference_volume,alternate_volume,delta_volume,absolute_delta_volume,same_amino_acid,gene_SCN10A,gene_SCN11A,gene_SCN1A,gene_SCN2A,gene_SCN3A,gene_SCN4A,gene_SCN5A,gene_SCN8A,gene_SCN9A
SCN9A:p.Q10R,SCN9A,Q,R,10,GOF,-3.5,-4.5,-1.0,1.0,0.0,1.0,1.0,1.0,143.8,173.4,29.599999999999994,29.599999999999994,0,0,0,0,0,0,0,0,0,1
SCN2A:p.D12N,SCN2A,D,N,12,LOF,-3.5,-3.5,0.0,0.0,-1.0,0.0,1.0,1.0,111.1,114.1,3.0,3.0,0,0,0,0,1,0,0,0,0,0
SCN5A:p.R18W,SCN5A,R,W,18,GOF,-4.5,-0.9,3.6,3.6,1.0,0.0,-1.0,1.0,173.4,227.8,54.400000000000006,54.400000000000006,0,0,0,0,0,0,0,1,0,0
SCN5A:p.R27H,SCN5A,R,H,27,LOF,-4.5,-3.2,1.2999999999999998,1.2999999999999998,1.0,1.0,0.0,0.0,173.4,153.2,-20.200000000000017,20.200000000000017,0,0,0,0,0,0,0,1,0,0
SCN1A:p.E78D,SCN1A,E,D,78,LOF,-3.5,-3.5,0.0,0.0,-1.0,-1.0,0.0,0.0,138.4,111.1,-27.30000000000001,27.30000000000001,0,0,0,1,0,0,0,0,0,0
SCN5A:p.D84N,SCN5A,D,N,84,LOF,-3.5,-3.5,0.0,0.0,-1.0,0.0,1.0,1.0,111.1,114.1,3.0,3.0,0,0,0,0,0,0,0,1,0,0
SCN2A:p.D82G,SCN2A,D,G,82,LOF,-3.5,-0.4,3.1,3.1,-1.0,0.0,1.0,1.0,111.1,60.1,-50.99999999999999,50.99999999999999,0,0,0,0,1,0,0,0,0,0
SCN5A:p.F93S,SCN5A,F,S,93,LOF,2.8,-0.8,-3.5999999999999996,3.5999999999999996,0.0,0.0,0.0,0.0,189.9,89.0,-100.9,100.9,0,0,0,0,0,0,0,1,0,0
SCN10A:p.V94G,SCN10A,V,G,94,LOF,4.2,-0.4,-4.6000000000000005,4.6000000000000005,0.0,0.0,0.0,0.0,140.0,60.1,-79.9,79.9,0,1,0,0,0,0,0,0,0,0
SCN4A:p.R104H,SCN4A,R,H,104,LOF,-4.5,-3.2,1.2999999999999998,1.2999999999999998,1.0,1.0,0.0,0.0,173.4,153.2,-20.200000000000017,20.200000000000017,0,0,0,0,0,0,1,0,0,0
SCN5A:p.R104Q,SCN5A,R,Q,104,LOF,-4.5,-3.5,1.0,1.0,1.0,0.0,-1.0,1.0,173.4,143.8,-29.599999999999994,29.599999999999994,0,0,0,0,0,0,0,1,0,0
SCN5A:p.R104W,SCN5A,R,W,104,LOF,-4.5,-0.9,3.6,3.6,1.0,0.0,-1.0,1.0,173.4,227.8,54.400000000000006,54.400000000000006,0,0,0,0,0,0,0,1,0,0
SCN5A:p.R121W,SCN5A,R,W,121,LOF,-4.5,-0.9,3.6,3.6,1.0,0.0,-1.0,1.0,173.4,227.8,54.400000000000006,54.400000000000006,0,0,0,0,0,0,0,1,0,0
SCN5A:p.A124D,SCN5A,A,D,124,LOF,1.8,-3.5,-5.3,5.3,0.0,-1.0,-1.0,1.0,88.6,111.1,22.5,22.5,0,0,0,0,0,0,0,1,0,0
SCN5A:p.V125L,SCN5A,V,L,125,GOF,4.2,3.8,-0.40000000000000036,0.40000000000000036,0.0,0.0,0.0,0.0,140.0,166.7,26.69999999999999,26.69999999999999,0,0,0,0,0,0,0,1,0,0
SCN5A:p.K126E,SCN5A,K,E,126,LOF,-3.9,-3.5,0.3999999999999999,0.3999999999999999,1.0,-1.0,-2.0,2.0,168.6,138.4,-30.19999999999999,30.19999999999999,0,0,0,0,0,0,0,1,0,0
SCN5A:p.L136P,SCN5A,L,P,136,LOF,3.8,-1.6,-5.4,5.4,0.0,0.0,0.0,0.0,166.7,112.7,-53.999999999999986,53.999999999999986,0,0,0,0,0,0,0,1,0,0
SCN8A:p.M139I,SCN8A,M,I,139,GOF,1.9,4.5,2.6,2.6,0.0,0.0,0.0,0.0,162.9,166.7,3.799999999999983,3.799999999999983,0,0,0,0,0,0,0,0,1,0
SCN4A:p.I141V,SCN4A,I,V,141,GOF,4.5,4.2,-0.2999999999999998,0.2999999999999998,0.0,0.0,0.0,0.0,166.7,140.0,-26.69999999999999,26.69999999999999,0,0,0,0,0,0,1,0,0,0
SCN9A:p.I136V,SCN9A,I,V,136,GOF,4.5,4.2,-0.2999999999999998,0.2999999999999998,0.0,0.0,0.0,0.0,166.7,140.0,-26.69999999999999,26.69999999999999,0,0,0,0,0,0,0,0,0,1
SCN5A:p.E161K,SCN5A,E,K,161,LOF,-3.5,-3.9,-0.3999999999999999,0.3999999999999999,-1.0,1.0,2.0,2.0,138.4,168.6,30.19999999999999,30.19999999999999,0,0,0,0,0,0,0,1,0,0
SCN10A:p.Y158D,SCN10A,Y,D,158,GOF,-1.3,-3.5,-2.2,2.2,0.0,-1.0,-1.0,1.0,193.6,111.1,-82.5,82.5,0,1,0,0,0,0,0,0,0,0
SCN5A:p.K175N,SCN5A,K,N,175,LOF,-3.9,-3.5,0.3999999999999999,0.3999999999999999,1.0,0.0,-1.0,1.0,168.6,114.1,-54.5,54.5,0,0,0,0,0,0,0,1,0,0
SCN5A:p.A178G,SCN5A,A,G,178,LOF,1.8,-0.4,-2.2,2.2,0.0,0.0,0.0,0.0,88.6,60.1,-28.499999999999993,28.499999999999993,0,0,0,0,0,0,0,1,0,0
SCN5A:p.T187I,SCN5A,T,I,187,LOF,-0.7,4.5,5.2,5.2,0.0,0.0,0.0,0.0,116.1,166.7,50.599999999999994,50.599999999999994,0,0,0,0,0,0,0,1,0,0
SCN4A:p.M203K,SCN4A,M,K,203,LOF,1.9,-3.9,-5.8,5.8,0.0,1.0,1.0,1.0,162.9,168.6,5.699999999999989,5.699999999999989,0,0,0,0,0,0,1,0,0,0
SCN2A:p.V208E,SCN2A,V,E,208,GOF,4.2,-3.5,-7.7,7.7,0.0,-1.0,-1.0,1.0,140.0,138.4,-1.5999999999999943,1.5999999999999943,0,0,0,0,1,0,0,0,0,0
SCN9A:p.S211P,SCN9A,S,P,211,GOF,-0.8,-1.6,-0.8,0.8,0.0,0.0,0.0,0.0,89.0,112.7,23.700000000000003,23.700000000000003,0,0,0,0,0,0,0,0,0,1
SCN11A:p.R222H,SCN11A,R,H,222,GOF,-4.5,-3.2,1.2999999999999998,1.2999999999999998,1.0,1.0,0.0,0.0,173.4,153.2,-20.200000000000017,20.200000000000017,0,0,1,0,0,0,0,0,0,0
SCN9A:p.F216S,SCN9A,F,S,216,GOF,2.8,-0.8,-3.5999999999999996,3.5999999999999996,0.0,0.0,0.0,0.0,189.9,89.0,-100.9,100.9,0,0,0,0,0,0,0,0,0,1
SCN8A:p.R223G,SCN8A,R,G,223,LOF,-4.5,-0.4,4.1,4.1,1.0,0.0,-1.0,1.0,173.4,60.1,-113.30000000000001,113.30000000000001,0,0,0,0,0,0,0,0,1,0
SCN5A:p.V223L,SCN5A,V,L,223,LOF,4.2,3.8,-0.40000000000000036,0.40000000000000036,0.0,0.0,0.0,0.0,140.0,166.7,26.69999999999999,26.69999999999999,0,0,0,0,0,0,0,1,0,0
SCN4A:p.R225W,SCN4A,R,W,225,LOF,-4.5,-0.9,3.6,3.6,1.0,0.0,-1.0,1.0,173.4,227.8,54.400000000000006,54.400000000000006,0,0,0,0,0,0,1,0,0,0
SCN5A:p.R225W,SCN5A,R,W,225,LOF,-4.5,-0.9,3.6,3.6,1.0,0.0,-1.0,1.0,173.4,227.8,54.400000000000006,54.400000000000006,0,0,0,0,0,0,0,1,0,0
SCN5A:p.R225P,SCN5A,R,P,225,GOF,-4.5,-1.6,2.9,2.9,1.0,0.0,-1.0,1.0,173.4,112.7,-60.7,60.7,0,0,0,0,0,0,0,1,0,0
SCN5A:p.A226V,SCN5A,A,V,226,LOF,1.8,4.2,2.4000000000000004,2.4000000000000004,0.0,0.0,0.0,0.0,88.6,140.0,51.400000000000006,51.400000000000006,0,0,0,0,0,0,0,1,0,0
SCN9A:p.I228M,SCN9A,I,M,228,GOF,4.5,1.9,-2.6,2.6,0.0,0.0,0.0,0.0,166.7,162.9,-3.799999999999983,3.799999999999983,0,0,0,0,0,0,0,0,0,1
SCN2A:p.T236S,SCN2A,T,S,236,GOF,-0.7,-0.8,-0.10000000000000009,0.10000000000000009,0.0,0.0,0.0,0.0,116.1,89.0,-27.099999999999994,27.099999999999994,0,0,0,0,1,0,0,0,0,0
SCN9A:p.I234T,SCN9A,I,T,234,GOF,4.5,-0.7,-5.2,5.2,0.0,0.0,0.0,0.0,166.7,116.1,-50.599999999999994,50.599999999999994,0,0,0,0,0,0,0,0,0,1
SCN9A:p.S241T,SCN9A,S,T,241,GOF,-0.8,-0.7,0.10000000000000009,0.10000000000000009,0.0,0.0,0.0,0.0,89.0,116.1,27.099999999999994,27.099999999999994,0,0,0,0,0,0,0,0,0,1
SCN10A:p.S242T,SCN10A,S,T,242,GOF,-0.8,-0.7,0.10000000000000009,0.10000000000000009,0.0,0.0,0.0,0.0,89.0,116.1,27.099999999999994,27.099999999999994,0,1,0,0,0,0,0,0,0,0
SCN3A:p.L247P,SCN3A,L,P,247,LOF,3.8,-1.6,-5.4,5.4,0.0,0.0,0.0,0.0,166.7,112.7,-53.999999999999986,53.999999999999986,0,0,0,0,0,1,0,0,0,0
SCN1A:p.D249E,SCN1A,D,E,249,LOF,-3.5,-3.5,0.0,0.0,-1.0,-1.0,0.0,0.0,111.1,138.4,27.30000000000001,27.30000000000001,0,0,0,1,0,0,0,0,0,0
SCN2A:p.A263V,SCN2A,A,V,263,GOF,1.8,4.2,2.4000000000000004,2.4000000000000004,0.0,0.0,0.0,0.0,88.6,140.0,51.400000000000006,51.400000000000006,0,0,0,0,1,0,0,0,0,0
SCN8A:p.G269R,SCN8A,G,R,269,LOF,-0.4,-4.5,-4.1,4.1,0.0,1.0,1.0,1.0,60.1,173.4,113.30000000000001,113.30000000000001,0,0,0,0,0,0,0,0,1,0
SCN5A:p.L276Q,SCN5A,L,Q,276,LOF,3.8,-3.5,-7.3,7.3,0.0,0.0,0.0,0.0,166.7,143.8,-22.899999999999977,22.899999999999977,0,0,0,0,0,0,0,1,0,0
SCN5A:p.R282H,SCN5A,R,H,282,LOF,-4.5,-3.2,1.2999999999999998,1.2999999999999998,1.0,1.0,0.0,0.0,173.4,153.2,-20.200000000000017,20.200000000000017,0,0,0,0,0,0,0,1,0,0
SCN5A:p.R282C,SCN5A,R,C,282,LOF,-4.5,2.5,7.0,7.0,1.0,0.0,-1.0,1.0,173.4,108.5,-64.9,64.9,0,0,0,0,0,0,0,1,0,0
SCN1A:p.T297I,SCN1A,T,I,297,LOF,-0.7,4.5,5.2,5.2,0.0,0.0,0.0,0.0,116.1,166.7,50.599999999999994,50.599999999999994,0,0,0,1,0,0,0,0,0,0
SCN5A:p.L325R,SCN5A,L,R,325,LOF,3.8,-4.5,-8.3,8.3,0.0,1.0,1.0,1.0,166.7,173.4,6.700000000000017,6.700000000000017,0,0,0,0,0,0,0,1,0,0
SCN5A:p.C335R,SCN5A,C,R,335,LOF,2.5,-4.5,-7.0,7.0,0.0,1.0,1.0,1.0,108.5,173.4,64.9,64.9,0,0,0,0,0,0,0,1,0,0
SCN5A:p.P336L,SCN5A,P,L,336,LOF,-1.6,3.8,5.4,5.4,0.0,0.0,0.0,0.0,112.7,166.7,53.999999999999986,53.999999999999986,0,0,0,0,0,0,0,1,0,0
SCN3A:p.K354Q,SCN3A,K,Q,354,GOF,-3.9,-3.5,0.3999999999999999,0.3999999999999999,1.0,0.0,-1.0,1.0,168.6,143.8,-24.799999999999983,24.799999999999983,0,0,0,0,0,1,0,0,0,0
SCN4A:p.P382T,SCN4A,P,T,382,LOF,-1.6,-0.7,0.9000000000000001,0.9000000000000001,0.0,0.0,0.0,0.0,112.7,116.1,3.3999999999999915,3.3999999999999915,0,0,0,0,0,0,1,0,0,0
SCN5A:p.D349N,SCN5A,D,N,349,LOF,-3.5,-3.5,0.0,0.0,-1.0,0.0,1.0,1.0,111.1,114.1,3.0,3.0,0,0,0,0,0,0,0,1,0,0
SCN5A:p.T353I,SCN5A,T,I,353,LOF,-0.7,4.5,5.2,5.2,0.0,0.0,0.0,0.0,116.1,166.7,50.599999999999994,50.599999999999994,0,0,0,0,0,0,0,1,0,0
SCN5A:p.D356N,SCN5A,D,N,356,LOF,-3.5,-3.5,0.0,0.0,-1.0,0.0,1.0,1.0,111.1,114.1,3.0,3.0,0,0,0,0,0,0,0,1,0,0
SCN5A:p.R367C,SCN5A,R,C,367,LOF,-4.5,2.5,7.0,7.0,1.0,0.0,-1.0,1.0,173.4,108.5,-64.9,64.9,0,0,0,0,0,0,0,1,0,0
SCN2A:p.R379H,SCN2A,R,H,379,LOF,-4.5,-3.2,1.2999999999999998,1.2999999999999998,1.0,1.0,0.0,0.0,173.4,153.2,-20.200000000000017,20.200000000000017,0,0,0,0,1,0,0,0,0,0
SCN5A:p.R367H,SCN5A,R,H,367,LOF,-4.5,-3.2,1.2999999999999998,1.2999999999999998,1.0,1.0,0.0,0.0,173.4,153.2,-20.200000000000017,20.200000000000017,0,0,0,0,0,0,0,1,0,0
SCN5A:p.R367L,SCN5A,R,L,367,LOF,-4.5,3.8,8.3,8.3,1.0,0.0,-1.0,1.0,173.4,166.7,-6.700000000000017,6.700000000000017,0,0,0,0,0,0,0,1,0,0
SCN5A:p.M369K,SCN5A,M,K,369,LOF,1.9,-3.9,-5.8,5.8,0.0,1.0,1.0,1.0,162.9,168.6,5.699999999999989,5.699999999999989,0,0,0,0,0,0,0,1,0,0
SCN5A:p.W374G,SCN5A,W,G,374,LOF,-0.9,-0.4,0.5,0.5,0.0,0.0,0.0,0.0,227.8,60.1,-167.70000000000002,167.70000000000002,0,0,0,0,0,0,0,1,0,0
SCN5A:p.R376H,SCN5A,R,H,376,LOF,-4.5,-3.2,1.2999999999999998,1.2999999999999998,1.0,1.0,0.0,0.0,173.4,153.2,-20.200000000000017,20.200000000000017,0,0,0,0,0,0,0,1,0,0
SCN8A:p.N374K,SCN8A,N,K,374,GOF,-3.5,-3.9,-0.3999999999999999,0.3999999999999999,0.0,1.0,1.0,1.0,114.1,168.6,54.5,54.5,0,0,0,0,0,0,0,0,1,0
SCN5A:p.G386R,SCN5A,G,R,386,LOF,-0.4,-4.5,-4.1,4.1,0.0,1.0,1.0,1.0,60.1,173.4,113.30000000000001,113.30000000000001,0,0,0,0,0,0,0,1,0,0
SCN11A:p.I381T,SCN11A,I,T,381,GOF,4.5,-0.7,-5.2,5.2,0.0,0.0,0.0,0.0,166.7,116.1,-50.599999999999994,50.599999999999994,0,0,1,0,0,0,0,0,0,0
SCN5A:p.V396L,SCN5A,V,L,396,LOF,4.2,3.8,-0.40000000000000036,0.40000000000000036,0.0,0.0,0.0,0.0,140.0,166.7,26.69999999999999,26.69999999999999,0,0,0,0,0,0,0,1,0,0
SCN10A:p.L388M,SCN10A,L,M,388,LOF,3.8,1.9,-1.9,1.9,0.0,0.0,0.0,0.0,166.7,162.9,-3.799999999999983,3.799999999999983,0,1,0,0,0,0,0,0,0,0
SCN4A:p.N440K,SCN4A,N,K,440,GOF,-3.5,-3.9,-0.3999999999999999,0.3999999999999999,0.0,1.0,1.0,1.0,114.1,168.6,54.5,54.5,0,0,0,0,0,0,1,0,0,0
SCN9A:p.N395K,SCN9A,N,K,395,GOF,-3.5,-3.9,-0.3999999999999999,0.3999999999999999,0.0,1.0,1.0,1.0,114.1,168.6,54.5,54.5,0,0,0,0,0,0,0,0,0,1
SCN5A:p.N406S,SCN5A,N,S,406,LOF,-3.5,-0.8,2.7,2.7,0.0,0.0,0.0,0.0,114.1,89.0,-25.099999999999994,25.099999999999994,0,0,0,0,0,0,0,1,0,0
SCN2A:p.V423L,SCN2A,V,L,423,GOF,4.2,3.8,-0.40000000000000036,0.40000000000000036,0.0,0.0,0.0,0.0,140.0,166.7,26.69999999999999,26.69999999999999,0,0,0,0,1,0,0,0,0,0
SCN4A:p.V445M,SCN4A,V,M,445,GOF,4.2,1.9,-2.3000000000000003,2.3000000000000003,0.0,0.0,0.0,0.0,140.0,162.9,22.900000000000006,22.900000000000006,0,0,0,0,0,0,1,0,0,0
SCN5A:p.V411M,SCN5A,V,M,411,GOF,4.2,1.9,-2.3000000000000003,2.3000000000000003,0.0,0.0,0.0,0.0,140.0,162.9,22.900000000000006,22.900000000000006,0,0,0,0,0,0,0,1,0,0
SCN9A:p.V400M,SCN9A,V,M,400,GOF,4.2,1.9,-2.3000000000000003,2.3000000000000003,0.0,0.0,0.0,0.0,140.0,162.9,22.900000000000006,22.900000000000006,0,0,0,0,0,0,0,0,0,1
SCN5A:p.R458C,SCN5A,R,C,458,GOF,-4.5,2.5,7.0,7.0,1.0,0.0,-1.0,1.0,173.4,108.5,-64.9,64.9,0,0,0,0,0,0,0,1,0,0
SCN5A:p.A551T,SCN5A,A,T,551,LOF,1.8,-0.7,-2.5,2.5,0.0,0.0,0.0,0.0,88.6,116.1,27.5,27.5,0,0,0,0,0,0,0,1,0,0
SCN5A:p.L567Q,SCN5A,L,Q,567,LOF,3.8,-3.5,-7.3,7.3,0.0,0.0,0.0,0.0,166.7,143.8,-22.899999999999977,22.899999999999977,0,0,0,0,0,0,0,1,0,0
SCN5A:p.R569W,SCN5A,R,W,569,GOF,-4.5,-0.9,3.6,3.6,1.0,0.0,-1.0,1.0,173.4,227.8,54.400000000000006,54.400000000000006,0,0,0,0,0,0,0,1,0,0
SCN10A:p.L554P,SCN10A,L,P,554,GOF,3.8,-1.6,-5.4,5.4,0.0,0.0,0.0,0.0,166.7,112.7,-53.999999999999986,53.999999999999986,0,1,0,0,0,0,0,0,0,0
SCN5A:p.N592K,SCN5A,N,K,592,LOF,-3.5,-3.9,-0.3999999999999999,0.3999999999999999,0.0,1.0,1.0,1.0,114.1,168.6,54.5,54.5,0,0,0,0,0,0,0,1,0,0
SCN9A:p.D623N,SCN9A,D,N,623,GOF,-3.5,-3.5,0.0,0.0,-1.0,0.0,1.0,1.0,111.1,114.1,3.0,3.0,0,0,0,0,0,0,0,0,0,1
SCN5A:p.L619F,SCN5A,L,F,619,GOF,3.8,2.8,-1.0,1.0,0.0,0.0,0.0,0.0,166.7,189.9,23.200000000000017,23.200000000000017,0,0,0,0,0,0,0,1,0,0
SCN5A:p.R689H,SCN5A,R,H,689,LOF,-4.5,-3.2,1.2999999999999998,1.2999999999999998,1.0,1.0,0.0,0.0,173.4,153.2,-20.200000000000017,20.200000000000017,0,0,0,0,0,0,0,1,0,0
SCN9A:p.I739V,SCN9A,I,V,739,GOF,4.5,4.2,-0.2999999999999998,0.2999999999999998,0.0,0.0,0.0,0.0,166.7,140.0,-26.69999999999999,26.69999999999999,0,0,0,0,0,0,0,0,0,1
SCN2A:p.T773I,SCN2A,T,I,773,GOF,-0.7,4.5,5.2,5.2,0.0,0.0,0.0,0.0,116.1,166.7,50.599999999999994,50.599999999999994,0,0,0,0,1,0,0,0,0,0
SCN8A:p.T767I,SCN8A,T,I,767,GOF,-0.7,4.5,5.2,5.2,0.0,0.0,0.0,0.0,116.1,166.7,50.599999999999994,50.599999999999994,0,0,0,0,0,0,0,0,1,0
SCN5A:p.M734V,SCN5A,M,V,734,LOF,1.9,4.2,2.3000000000000003,2.3000000000000003,0.0,0.0,0.0,0.0,162.9,140.0,-22.900000000000006,22.900000000000006,0,0,0,0,0,0,0,1,0,0
SCN5A:p.A735E,SCN5A,A,E,735,LOF,1.8,-3.5,-5.3,5.3,0.0,-1.0,-1.0,1.0,88.6,138.4,49.80000000000001,49.80000000000001,0,0,0,0,0,0,0,1,0,0
SCN5A:p.A735T,SCN5A,A,T,735,LOF,1.8,-0.7,-2.5,2.5,0.0,0.0,0.0,0.0,88.6,116.1,27.5,27.5,0,0,0,0,0,0,0,1,0,0
SCN5A:p.A735V,SCN5A,A,V,735,LOF,1.8,4.2,2.4000000000000004,2.4000000000000004,0.0,0.0,0.0,0.0,88.6,140.0,51.400000000000006,51.400000000000006,0,0,0,0,0,0,0,1,0,0
SCN1A:p.E788K,SCN1A,E,K,788,LOF,-3.5,-3.9,-0.3999999999999999,0.3999999999999999,-1.0,1.0,2.0,2.0,138.4,168.6,30.19999999999999,30.19999999999999,0,0,0,1,0,0,0,0,0,0
SCN5A:p.E746K,SCN5A,E,K,746,LOF,-3.5,-3.9,-0.3999999999999999,0.3999999999999999,-1.0,1.0,2.0,2.0,138.4,168.6,30.19999999999999,30.19999999999999,0,0,0,0,0,0,0,1,0,0
SCN5A:p.G752R,SCN5A,G,R,752,LOF,-0.4,-4.5,-4.1,4.1,0.0,1.0,1.0,1.0,60.1,173.4,113.30000000000001,113.30000000000001,0,0,0,0,0,0,0,1,0,0
SCN5A:p.D785N,SCN5A,D,N,785,LOF,-3.5,-3.5,0.0,0.0,-1.0,0.0,1.0,1.0,111.1,114.1,3.0,3.0,0,0,0,0,0,0,0,1,0,0
SCN8A:p.G822R,SCN8A,G,R,822,LOF,-0.4,-4.5,-4.1,4.1,0.0,1.0,1.0,1.0,60.1,173.4,113.30000000000001,113.30000000000001,0,0,0,0,0,0,0,0,1,0
SCN10A:p.R756W,SCN10A,R,W,756,LOF,-4.5,-0.9,3.6,3.6,1.0,0.0,-1.0,1.0,173.4,227.8,54.400000000000006,54.400000000000006,0,1,0,0,0,0,0,0,0,0
SCN4A:p.R669H,SCN4A,R,H,669,LOF,-4.5,-3.2,1.2999999999999998,1.2999999999999998,1.0,1.0,0.0,0.0,173.4,153.2,-20.200000000000017,20.200000000000017,0,0,0,0,0,0,1,0,0,0
SCN1A:p.R859C,SCN1A,R,C,859,LOF,-4.5,2.5,7.0,7.0,1.0,0.0,-1.0,1.0,173.4,108.5,-64.9,64.9,0,0,0,1,0,0,0,0,0,0
SCN5A:p.R808C,SCN5A,R,C,808,LOF,-4.5,2.5,7.0,7.0,1.0,0.0,-1.0,1.0,173.4,108.5,-64.9,64.9,0,0,0,0,0,0,0,1,0,0
SCN9A:p.F826Y,SCN9A,F,Y,826,GOF,2.8,-1.3,-4.1,4.1,0.0,0.0,0.0,0.0,189.9,193.6,3.6999999999999886,3.6999999999999886,0,0,0,0,0,0,0,0,0,1
SCN4A:p.R672G,SCN4A,R,G,672,LOF,-4.5,-0.4,4.1,4.1,1.0,0.0,-1.0,1.0,173.4,60.1,-113.30000000000001,113.30000000000001,0,0,0,0,0,0,1,0,0,0
SCN4A:p.R672H,SCN4A,R,H,672,LOF,-4.5,-3.2,1.2999999999999998,1.2999999999999998,1.0,1.0,0.0,0.0,173.4,153.2,-20.200000000000017,20.200000000000017,0,0,0,0,0,0,1,0,0,0
SCN5A:p.R811H,SCN5A,R,H,811,LOF,-4.5,-3.2,1.2999999999999998,1.2999999999999998,1.0,1.0,0.0,0.0,173.4,153.2,-20.200000000000017,20.200000000000017,0,0,0,0,0,0,0,1,0,0
SCN3A:p.L855P,SCN3A,L,P,855,GOF,3.8,-1.6,-5.4,5.4,0.0,0.0,0.0,0.0,166.7,112.7,-53.999999999999986,53.999999999999986,0,0,0,0,0,1,0,0,0,0
SCN5A:p.L812Q,SCN5A,L,Q,812,LOF,3.8,-3.5,-7.3,7.3,0.0,0.0,0.0,0.0,166.7,143.8,-22.899999999999977,22.899999999999977,0,0,0,0,0,0,0,1,0,0
SCN5A:p.K817E,SCN5A,K,E,817,LOF,-3.9,-3.5,0.3999999999999999,0.3999999999999999,1.0,-1.0,-2.0,2.0,168.6,138.4,-30.19999999999999,30.19999999999999,0,0,0,0,0,0,0,1,0,0
SCN3A:p.I875T,SCN3A,I,T,875,GOF,4.5,-0.7,-5.2,5.2,0.0,0.0,0.0,0.0,166.7,116.1,-50.599999999999994,50.599999999999994,0,0,0,0,0,1,0,0,0,0
SCN9A:p.I848T,SCN9A,I,T,848,GOF,4.5,-0.7,-5.2,5.2,0.0,0.0,0.0,0.0,166.7,116.1,-50.599999999999994,50.599999999999994,0,0,0,0,0,0,0,0,0,1
SCN11A:p.G699R,SCN11A,G,R,699,GOF,-0.4,-4.5,-4.1,4.1,0.0,1.0,1.0,1.0,60.1,173.4,113.30000000000001,113.30000000000001,0,0,1,0,0,0,0,0,0,0
SCN5A:p.L839P,SCN5A,L,P,839,LOF,3.8,-1.6,-5.4,5.4,0.0,0.0,0.0,0.0,166.7,112.7,-53.999999999999986,53.999999999999986,0,0,0,0,0,0,0,1,0,0
SCN9A:p.G856D,SCN9A,G,D,856,GOF,-0.4,-3.5,-3.1,3.1,0.0,-1.0,-1.0,1.0,60.1,111.1,50.99999999999999,50.99999999999999,0,0,0,0,0,0,0,0,0,1
SCN9A:p.G856R,SCN9A,G,R,856,GOF,-0.4,-4.5,-4.1,4.1,0.0,1.0,1.0,1.0,60.1,173.4,113.30000000000001,113.30000000000001,0,0,0,0,0,0,0,0,0,1
SCN9A:p.L858F,SCN9A,L,F,858,GOF,3.8,2.8,-1.0,1.0,0.0,0.0,0.0,0.0,166.7,189.9,23.200000000000017,23.200000000000017,0,0,0,0,0,0,0,0,0,1
SCN9A:p.L858H,SCN9A,L,H,858,GOF,3.8,-3.2,-7.0,7.0,0.0,1.0,1.0,1.0,166.7,153.2,-13.5,13.5,0,0,0,0,0,0,0,0,0,1
SCN4A:p.T704M,SCN4A,T,M,704,GOF,-0.7,1.9,2.5999999999999996,2.5999999999999996,0.0,0.0,0.0,0.0,116.1,162.9,46.80000000000001,46.80000000000001,0,0,0,0,0,0,1,0,0,0
SCN9A:p.A863P,SCN9A,A,P,863,GOF,1.8,-1.6,-3.4000000000000004,3.4000000000000004,0.0,0.0,0.0,0.0,88.6,112.7,24.10000000000001,24.10000000000001,0,0,0,0,0,0,0,0,0,1
SCN5A:p.F851L,SCN5A,F,L,851,LOF,2.8,3.8,1.0,1.0,0.0,0.0,0.0,0.0,189.9,166.7,-23.200000000000017,23.200000000000017,0,0,0,0,0,0,0,1,0,0
SCN9A:p.V872G,SCN9A,V,G,872,GOF,4.2,-0.4,-4.6000000000000005,4.6000000000000005,0.0,0.0,0.0,0.0,140.0,60.1,-79.9,79.9,0,0,0,0,0,0,0,0,0,1
SCN2A:p.G899S,SCN2A,G,S,899,LOF,-0.4,-0.8,-0.4,0.4,0.0,0.0,0.0,0.0,60.1,89.0,28.9,28.9,0,0,0,0,1,0,0,0,0,0
SCN1A:p.M909K,SCN1A,M,K,909,LOF,1.9,-3.9,-5.8,5.8,0.0,1.0,1.0,1.0,162.9,168.6,5.699999999999989,5.699999999999989,0,0,0,1,0,0,0,0,0,0
SCN9A:p.Q875E,SCN9A,Q,E,875,GOF,-3.5,-3.5,0.0,0.0,0.0,-1.0,-1.0,1.0,143.8,138.4,-5.400000000000006,5.400000000000006,0,0,0,0,0,0,0,0,0,1
SCN10A:p.R814H,SCN10A,R,H,814,GOF,-4.5,-3.2,1.2999999999999998,1.2999999999999998,1.0,1.0,0.0,0.0,173.4,153.2,-20.200000000000017,20.200000000000017,0,1,0,0,0,0,0,0,0,0
SCN2A:p.K908E,SCN2A,K,E,908,GOF,-3.9,-3.5,0.3999999999999999,0.3999999999999999,1.0,-1.0,-2.0,2.0,168.6,138.4,-30.19999999999999,30.19999999999999,0,0,0,0,1,0,0,0,0,0
SCN9A:p.R896Q,SCN9A,R,Q,896,LOF,-4.5,-3.5,1.0,1.0,1.0,0.0,-1.0,1.0,173.4,143.8,-29.599999999999994,29.599999999999994,0,0,0,0,0,0,0,0,0,1
SCN5A:p.W879R,SCN5A,W,R,879,LOF,-0.9,-4.5,-3.6,3.6,0.0,1.0,1.0,1.0,227.8,173.4,-54.400000000000006,54.400000000000006,0,0,0,0,0,0,0,1,0,0
SCN5A:p.I890T,SCN5A,I,T,890,LOF,4.5,-0.7,-5.2,5.2,0.0,0.0,0.0,0.0,166.7,116.1,-50.599999999999994,50.599999999999994,0,0,0,0,0,0,0,1,0,0
SCN5A:p.F892I,SCN5A,F,I,892,LOF,2.8,4.5,1.7000000000000002,1.7000000000000002,0.0,0.0,0.0,0.0,189.9,166.7,-23.200000000000017,23.200000000000017,0,0,0,0,0,0,0,1,0,0
SCN2A:p.R937C,SCN2A,R,C,937,LOF,-4.5,2.5,7.0,7.0,1.0,0.0,-1.0,1.0,173.4,108.5,-64.9,64.9,0,0,0,0,1,0,0,0,0,0
SCN2A:p.R937H,SCN2A,R,H,937,LOF,-4.5,-3.2,1.2999999999999998,1.2999999999999998,1.0,1.0,0.0,0.0,173.4,153.2,-20.200000000000017,20.200000000000017,0,0,0,0,1,0,0,0,0,0
SCN5A:p.E901K,SCN5A,E,K,901,LOF,-3.5,-3.9,-0.3999999999999999,0.3999999999999999,-1.0,1.0,2.0,2.0,138.4,168.6,30.19999999999999,30.19999999999999,0,0,0,0,0,0,0,1,0,0
SCN5A:p.S910L,SCN5A,S,L,910,LOF,-0.8,3.8,4.6,4.6,0.0,0.0,0.0,0.0,89.0,166.7,77.69999999999999,77.69999999999999,0,0,0,0,0,0,0,1,0,0
SCN10A:p.L867F,SCN10A,L,F,867,LOF,3.8,2.8,-1.0,1.0,0.0,0.0,0.0,0.0,166.7,189.9,23.200000000000017,23.200000000000017,0,1,0,0,0,0,0,0,0,0
SCN8A:p.G964R,SCN8A,G,R,964,LOF,-0.4,-4.5,-4.1,4.1,0.0,1.0,1.0,1.0,60.1,173.4,113.30000000000001,113.30000000000001,0,0,0,0,0,0,0,0,1,0
SCN5A:p.N927S,SCN5A,N,S,927,LOF,-3.5,-0.8,2.7,2.7,0.0,0.0,0.0,0.0,114.1,89.0,-25.099999999999994,25.099999999999994,0,0,0,0,0,0,0,1,0,0
SCN5A:p.L928P,SCN5A,L,P,928,LOF,3.8,-1.6,-5.4,5.4,0.0,0.0,0.0,0.0,166.7,112.7,-53.999999999999986,53.999999999999986,0,0,0,0,0,0,0,1,0,0
SCN1A:p.N985I,SCN1A,N,I,985,LOF,-3.5,4.5,8.0,8.0,0.0,0.0,0.0,0.0,114.1,166.7,52.599999999999994,52.599999999999994,0,0,0,1,0,0,0,0,0,0
SCN4A:p.L796V,SCN4A,L,V,796,GOF,3.8,4.2,0.40000000000000036,0.40000000000000036,0.0,0.0,0.0,0.0,166.7,140.0,-26.69999999999999,26.69999999999999,0,0,0,0,0,0,1,0,0,0
SCN5A:p.S941N,SCN5A,S,N,941,GOF,-0.8,-3.5,-2.7,2.7,0.0,0.0,0.0,0.0,89.0,114.1,25.099999999999994,25.099999999999994,0,0,0,0,0,0,0,1,0,0
SCN11A:p.N816K,SCN11A,N,K,816,GOF,-3.5,-3.9,-0.3999999999999999,0.3999999999999999,0.0,1.0,1.0,1.0,114.1,168.6,54.5,54.5,0,0,1,0,0,0,0,0,0,0
SCN2A:p.E999K,SCN2A,E,K,999,GOF,-3.5,-3.9,-0.3999999999999999,0.3999999999999999,-1.0,1.0,2.0,2.0,138.4,168.6,30.19999999999999,30.19999999999999,0,0,0,0,1,0,0,0,0,0
SCN5A:p.R965C,SCN5A,R,C,965,LOF,-4.5,2.5,7.0,7.0,1.0,0.0,-1.0,1.0,173.4,108.5,-64.9,64.9,0,0,0,0,0,0,0,1,0,0
SCN5A:p.R1023H,SCN5A,R,H,1023,LOF,-4.5,-3.2,1.2999999999999998,1.2999999999999998,1.0,1.0,0.0,0.0,173.4,153.2,-20.200000000000017,20.200000000000017,0,0,0,0,0,0,0,1,0,0
SCN10A:p.P1102S,SCN10A,P,S,1102,GOF,-1.6,-0.8,0.8,0.8,0.0,0.0,0.0,0.0,112.7,89.0,-23.700000000000003,23.700000000000003,0,1,0,0,0,0,0,0,0,0
SCN5A:p.S1103Y,SCN5A,S,Y,1103,GOF,-0.8,-1.3,-0.5,0.5,0.0,0.0,0.0,0.0,89.0,193.6,104.6,104.6,0,0,0,0,0,0,0,1,0,0
SCN9A:p.W1150R,SCN9A,W,R,1150,GOF,-0.9,-4.5,-3.6,3.6,0.0,1.0,1.0,1.0,227.8,173.4,-54.400000000000006,54.400000000000006,0,0,0,0,0,0,0,0,0,1
SCN5A:p.P1177L,SCN5A,P,L,1177,GOF,-1.6,3.8,5.4,5.4,0.0,0.0,0.0,0.0,112.7,166.7,53.999999999999986,53.999999999999986,0,0,0,0,0,0,0,1,0,0
SCN5A:p.R1193Q,SCN5A,R,Q,1193,LOF,-4.5,-3.5,1.0,1.0,1.0,0.0,-1.0,1.0,173.4,143.8,-29.599999999999994,29.599999999999994,0,0,0,0,0,0,0,1,0,0
SCN5A:p.S1218I,SCN5A,S,I,1218,LOF,-0.8,4.5,5.3,5.3,0.0,0.0,0.0,0.0,89.0,166.7,77.69999999999999,77.69999999999999,0,0,0,0,0,0,0,1,0,0
SCN5A:p.E1225K,SCN5A,E,K,1225,LOF,-3.5,-3.9,-0.3999999999999999,0.3999999999999999,-1.0,1.0,2.0,2.0,138.4,168.6,30.19999999999999,30.19999999999999,0,0,0,0,0,0,0,1,0,0
SCN5A:p.R1232W,SCN5A,R,W,1232,LOF,-4.5,-0.9,3.6,3.6,1.0,0.0,-1.0,1.0,173.4,227.8,54.400000000000006,54.400000000000006,0,0,0,0,0,0,0,1,0,0
SCN5A:p.G1262S,SCN5A,G,S,1262,LOF,-0.4,-0.8,-0.4,0.4,0.0,0.0,0.0,0.0,60.1,89.0,28.9,28.9,0,0,0,0,0,0,0,1,0,0
SCN5A:p.A1294G,SCN5A,A,G,1294,LOF,1.8,-0.4,-2.2,2.2,0.0,0.0,0.0,0.0,88.6,60.1,-28.499999999999993,28.499999999999993,0,0,0,0,0,0,0,1,0,0
SCN5A:p.E1295K,SCN5A,E,K,1295,GOF,-3.5,-3.9,-0.3999999999999999,0.3999999999999999,-1.0,1.0,2.0,2.0,138.4,168.6,30.19999999999999,30.19999999999999,0,0,0,0,0,0,0,1,0,0
SCN9A:p.R1279P,SCN9A,R,P,1279,GOF,-4.5,-1.6,2.9,2.9,1.0,0.0,-1.0,1.0,173.4,112.7,-60.7,60.7,0,0,0,0,0,0,0,0,0,1
SCN5A:p.T1304M,SCN5A,T,M,1304,GOF,-0.7,1.9,2.5999999999999996,2.5999999999999996,0.0,0.0,0.0,0.0,116.1,162.9,46.80000000000001,46.80000000000001,0,0,0,0,0,0,0,1,0,0
SCN2A:p.R1312T,SCN2A,R,T,1312,LOF,-4.5,-0.7,3.8,3.8,1.0,0.0,-1.0,1.0,173.4,116.1,-57.30000000000001,57.30000000000001,0,0,0,0,1,0,0,0,0,0
SCN11A:p.L1158P,SCN11A,L,P,1158,GOF,3.8,-1.6,-5.4,5.4,0.0,0.0,0.0,0.0,166.7,112.7,-53.999999999999986,53.999999999999986,0,0,1,0,0,0,0,0,0,0
SCN2A:p.R1319Q,SCN2A,R,Q,1319,LOF,-4.5,-3.5,1.0,1.0,1.0,0.0,-1.0,1.0,173.4,143.8,-29.599999999999994,29.599999999999994,0,0,0,0,1,0,0,0,0,0
SCN5A:p.G1319V,SCN5A,G,V,1319,LOF,-0.4,4.2,4.6000000000000005,4.6000000000000005,0.0,0.0,0.0,0.0,60.1,140.0,79.9,79.9,0,0,0,0,0,0,0,1,0,0
SCN9A:p.V1298F,SCN9A,V,F,1298,GOF,4.2,2.8,-1.4000000000000004,1.4000000000000004,0.0,0.0,0.0,0.0,140.0,189.9,49.900000000000006,49.900000000000006,0,0,0,0,0,0,0,0,0,1
SCN9A:p.V1299F,SCN9A,V,F,1299,GOF,4.2,2.8,-1.4000000000000004,1.4000000000000004,0.0,0.0,0.0,0.0,140.0,189.9,49.900000000000006,49.900000000000006,0,0,0,0,0,0,0,0,0,1
SCN5A:p.N1325S,SCN5A,N,S,1325,GOF,-3.5,-0.8,2.7,2.7,0.0,0.0,0.0,0.0,114.1,89.0,-25.099999999999994,25.099999999999994,0,0,0,0,0,0,0,1,0,0
SCN2A:p.L1330F,SCN2A,L,F,1330,LOF,3.8,2.8,-1.0,1.0,0.0,0.0,0.0,0.0,166.7,189.9,23.200000000000017,23.200000000000017,0,0,0,0,1,0,0,0,0,0
SCN5A:p.V1328M,SCN5A,V,M,1328,GOF,4.2,1.9,-2.3000000000000003,2.3000000000000003,0.0,0.0,0.0,0.0,140.0,162.9,22.900000000000006,22.900000000000006,0,0,0,0,0,0,0,1,0,0
SCN5A:p.A1330P,SCN5A,A,P,1330,GOF,1.8,-1.6,-3.4000000000000004,3.4000000000000004,0.0,0.0,0.0,0.0,88.6,112.7,24.10000000000001,24.10000000000001,0,0,0,0,0,0,0,1,0,0
SCN4A:p.A1156T,SCN4A,A,T,1156,GOF,1.8,-0.7,-2.5,2.5,0.0,0.0,0.0,0.0,88.6,116.1,27.5,27.5,0,0,0,0,0,0,1,0,0,0
SCN5A:p.A1330T,SCN5A,A,T,1330,GOF,1.8,-0.7,-2.5,2.5,0.0,0.0,0.0,0.0,88.6,116.1,27.5,27.5,0,0,0,0,0,0,0,1,0,0
SCN3A:p.P1333L,SCN3A,P,L,1333,GOF,-1.6,3.8,5.4,5.4,0.0,0.0,0.0,0.0,112.7,166.7,53.999999999999986,53.999999999999986,0,0,0,0,0,1,0,0,0,0
SCN4A:p.P1158L,SCN4A,P,L,1158,GOF,-1.6,3.8,5.4,5.4,0.0,0.0,0.0,0.0,112.7,166.7,53.999999999999986,53.999999999999986,0,0,0,0,0,0,1,0,0,0
SCN5A:p.P1332L,SCN5A,P,L,1332,GOF,-1.6,3.8,5.4,5.4,0.0,0.0,0.0,0.0,112.7,166.7,53.999999999999986,53.999999999999986,0,0,0,0,0,0,0,1,0,0
SCN9A:p.P1308L,SCN9A,P,L,1308,GOF,-1.6,3.8,5.4,5.4,0.0,0.0,0.0,0.0,112.7,166.7,53.999999999999986,53.999999999999986,0,0,0,0,0,0,0,0,0,1
SCN5A:p.S1333Y,SCN5A,S,Y,1333,GOF,-0.8,-1.3,-0.5,0.5,0.0,0.0,0.0,0.0,89.0,193.6,104.6,104.6,0,0,0,0,0,0,0,1,0,0
SCN2A:p.S1336Y,SCN2A,S,Y,1336,GOF,-0.8,-1.3,-0.5,0.5,0.0,0.0,0.0,0.0,89.0,193.6,104.6,104.6,0,0,0,0,1,0,0,0,0,0
SCN8A:p.I1327V,SCN8A,I,V,1327,GOF,4.5,4.2,-0.2999999999999998,0.2999999999999998,0.0,0.0,0.0,0.0,166.7,140.0,-26.69999999999999,26.69999999999999,0,0,0,0,0,0,0,0,1,0
SCN2A:p.N1339D,SCN2A,N,D,1339,GOF,-3.5,-3.5,0.0,0.0,0.0,-1.0,-1.0,1.0,114.1,111.1,-3.0,3.0,0,0,0,0,1,0,0,0,0,0
SCN8A:p.L1331V,SCN8A,L,V,1331,GOF,3.8,4.2,0.40000000000000036,0.40000000000000036,0.0,0.0,0.0,0.0,166.7,140.0,-26.69999999999999,26.69999999999999,0,0,0,0,0,0,0,0,1,0
SCN9A:p.V1316A,SCN9A,V,A,1316,GOF,4.2,1.8,-2.4000000000000004,2.4000000000000004,0.0,0.0,0.0,0.0,140.0,88.6,-51.400000000000006,51.400000000000006,0,0,0,0,0,0,0,0,0,1
SCN11A:p.V1184A,SCN11A,V,A,1184,GOF,4.2,1.8,-2.4000000000000004,2.4000000000000004,0.0,0.0,0.0,0.0,140.0,88.6,-51.400000000000006,51.400000000000006,0,0,1,0,0,0,0,0,0,0
SCN5A:p.V1340I,SCN5A,V,I,1340,LOF,4.2,4.5,0.2999999999999998,0.2999999999999998,0.0,0.0,0.0,0.0,140.0,166.7,26.69999999999999,26.69999999999999,0,0,0,0,0,0,0,1,0,0
SCN5A:p.F1344S,SCN5A,F,S,1344,LOF,2.8,-0.8,-3.5999999999999996,3.5999999999999996,0.0,0.0,0.0,0.0,189.9,89.0,-100.9,100.9,0,0,0,0,0,0,0,1,0,0
SCN5A:p.W1345C,SCN5A,W,C,1345,LOF,-0.9,2.5,3.4,3.4,0.0,0.0,0.0,0.0,227.8,108.5,-119.30000000000001,119.30000000000001,0,0,0,0,0,0,0,1,0,0
SCN5A:p.L1346P,SCN5A,L,P,1346,LOF,3.8,-1.6,-5.4,5.4,0.0,0.0,0.0,0.0,166.7,112.7,-53.999999999999986,53.999999999999986,0,0,0,0,0,0,0,1,0,0
SCN10A:p.A1304T,SCN10A,A,T,1304,GOF,1.8,-0.7,-2.5,2.5,0.0,0.0,0.0,0.0,88.6,116.1,27.5,27.5,0,1,0,0,0,0,0,0,0,0
SCN8A:p.T1360N,SCN8A,T,N,1360,LOF,-0.7,-3.5,-2.8,2.8,0.0,0.0,0.0,0.0,116.1,114.1,-2.0,2.0,0,0,0,0,0,0,0,0,1,0
SCN5A:p.V1378M,SCN5A,V,M,1378,LOF,4.2,1.9,-2.3000000000000003,2.3000000000000003,0.0,0.0,0.0,0.0,140.0,162.9,22.900000000000006,22.900000000000006,0,0,0,0,0,0,0,1,0,0
SCN5A:p.N1380K,SCN5A,N,K,1380,LOF,-3.5,-3.9,-0.3999999999999999,0.3999999999999999,0.0,1.0,1.0,1.0,114.1,168.6,54.5,54.5,0,0,0,0,0,0,0,1,0,0
SCN5A:p.S1382I,SCN5A,S,I,1382,LOF,-0.8,4.5,5.3,5.3,0.0,0.0,0.0,0.0,89.0,166.7,77.69999999999999,77.69999999999999,0,0,0,0,0,0,0,1,0,0
SCN4A:p.C1209F,SCN4A,C,F,1209,LOF,2.5,2.8,0.2999999999999998,0.2999999999999998,0.0,0.0,0.0,0.0,108.5,189.9,81.4,81.4,0,0,0,0,0,0,1,0,0,0
SCN2A:p.C1386R,SCN2A,C,R,1386,LOF,2.5,-4.5,-7.0,7.0,0.0,1.0,1.0,1.0,108.5,173.4,64.9,64.9,0,0,0,0,1,0,0,0,0,0
SCN5A:p.V1405L,SCN5A,V,L,1405,LOF,4.2,3.8,-0.40000000000000036,0.40000000000000036,0.0,0.0,0.0,0.0,140.0,166.7,26.69999999999999,26.69999999999999,0,0,0,0,0,0,0,1,0,0
SCN5A:p.V1405M,SCN5A,V,M,1405,LOF,4.2,1.9,-2.3000000000000003,2.3000000000000003,0.0,0.0,0.0,0.0,140.0,162.9,22.900000000000006,22.900000000000006,0,0,0,0,0,0,0,1,0,0
SCN5A:p.G1406E,SCN5A,G,E,1406,LOF,-0.4,-3.5,-3.1,3.1,0.0,-1.0,-1.0,1.0,60.1,138.4,78.30000000000001,78.30000000000001,0,0,0,0,0,0,0,1,0,0
SCN5A:p.G1406R,SCN5A,G,R,1406,LOF,-0.4,-4.5,-4.1,4.1,0.0,1.0,1.0,1.0,60.1,173.4,113.30000000000001,113.30000000000001,0,0,0,0,0,0,0,1,0,0
SCN1A:p.G1421W,SCN1A,G,W,1421,LOF,-0.4,-0.9,-0.5,0.5,0.0,0.0,0.0,0.0,60.1,227.8,167.70000000000002,167.70000000000002,0,0,0,1,0,0,0,0,0,0
SCN2A:p.T1420M,SCN2A,T,M,1420,LOF,-0.7,1.9,2.5999999999999996,2.5999999999999996,0.0,0.0,0.0,0.0,116.1,162.9,46.80000000000001,46.80000000000001,0,0,0,0,1,0,0,0,0,0
SCN5A:p.G1420R,SCN5A,G,R,1420,LOF,-0.4,-4.5,-4.1,4.1,0.0,1.0,1.0,1.0,60.1,173.4,113.30000000000001,113.30000000000001,0,0,0,0,0,0,0,1,0,0
SCN5A:p.G1420V,SCN5A,G,V,1420,LOF,-0.4,4.2,4.6000000000000005,4.6000000000000005,0.0,0.0,0.0,0.0,60.1,140.0,79.9,79.9,0,0,0,0,0,0,0,1,0,0
SCN5A:p.A1428S,SCN5A,A,S,1428,LOF,1.8,-0.8,-2.6,2.6,0.0,0.0,0.0,0.0,88.6,89.0,0.4000000000000057,0.4000000000000057,0,0,0,0,0,0,0,1,0,0
SCN5A:p.A1428V,SCN5A,A,V,1428,LOF,1.8,4.2,2.4000000000000004,2.4000000000000004,0.0,0.0,0.0,0.0,88.6,140.0,51.400000000000006,51.400000000000006,0,0,0,0,0,0,0,1,0,0
SCN5A:p.D1430N,SCN5A,D,N,1430,LOF,-3.5,-3.5,0.0,0.0,-1.0,0.0,1.0,1.0,111.1,114.1,3.0,3.0,0,0,0,0,0,0,0,1,0,0
SCN5A:p.R1432G,SCN5A,R,G,1432,LOF,-4.5,-0.4,4.1,4.1,1.0,0.0,-1.0,1.0,173.4,60.1,-113.30000000000001,113.30000000000001,0,0,0,0,0,0,0,1,0,0
SCN5A:p.Y1449C,SCN5A,Y,C,1449,LOF,-1.3,2.5,3.8,3.8,0.0,0.0,0.0,0.0,193.6,108.5,-85.1,85.1,0,0,0,0,0,0,0,1,0,0
SCN5A:p.T1461S,SCN5A,T,S,1461,LOF,-0.7,-0.8,-0.10000000000000009,0.10000000000000009,0.0,0.0,0.0,0.0,116.1,89.0,-27.099999999999994,27.099999999999994,0,0,0,0,0,0,0,1,0,0
SCN4A:p.V1293I,SCN4A,V,I,1293,GOF,4.2,4.5,0.2999999999999998,0.2999999999999998,0.0,0.0,0.0,0.0,140.0,166.7,26.69999999999999,26.69999999999999,0,0,0,0,0,0,1,0,0,0
SCN2A:p.I1473M,SCN2A,I,M,1473,GOF,4.5,1.9,-2.6,2.6,0.0,0.0,0.0,0.0,166.7,162.9,-3.799999999999983,3.799999999999983,0,0,0,0,1,0,0,0,0,0
SCN4A:p.N1297K,SCN4A,N,K,1297,GOF,-3.5,-3.9,-0.3999999999999999,0.3999999999999999,0.0,1.0,1.0,1.0,114.1,168.6,54.5,54.5,0,0,0,0,0,0,1,0,0,0
SCN4A:p.N1297S,SCN4A,N,S,1297,GOF,-3.5,-0.8,2.7,2.7,0.0,0.0,0.0,0.0,114.1,89.0,-25.099999999999994,25.099999999999994,0,0,0,0,0,0,1,0,0,0
SCN4A:p.F1298C,SCN4A,F,C,1298,GOF,2.8,2.5,-0.2999999999999998,0.2999999999999998,0.0,0.0,0.0,0.0,189.9,108.5,-81.4,81.4,0,0,0,0,0,0,1,0,0,0
SCN5A:p.F1473C,SCN5A,F,C,1473,GOF,2.8,2.5,-0.2999999999999998,0.2999999999999998,0.0,0.0,0.0,0.0,189.9,108.5,-81.4,81.4,0,0,0,0,0,0,0,1,0,0
SCN5A:p.F1473S,SCN5A,F,S,1473,GOF,2.8,-0.8,-3.5999999999999996,3.5999999999999996,0.0,0.0,0.0,0.0,189.9,89.0,-100.9,100.9,0,0,0,0,0,0,0,1,0,0
SCN9A:p.F1449V,SCN9A,F,V,1449,GOF,2.8,4.2,1.4000000000000004,1.4000000000000004,0.0,0.0,0.0,0.0,189.9,140.0,-49.900000000000006,49.900000000000006,0,0,0,0,0,0,0,0,0,1
SCN5A:p.Q1475P,SCN5A,Q,P,1475,GOF,-3.5,-1.6,1.9,1.9,0.0,0.0,0.0,0.0,143.8,112.7,-31.10000000000001,31.10000000000001,0,0,0,0,0,0,0,1,0,0
SCN1A:p.Q1489H,SCN1A,Q,H,1489,GOF,-3.5,-3.2,0.2999999999999998,0.2999999999999998,0.0,1.0,1.0,1.0,143.8,153.2,9.399999999999977,9.399999999999977,0,0,0,1,0,0,0,0,0,0
SCN5A:p.Q1476R,SCN5A,Q,R,1476,GOF,-3.5,-4.5,-1.0,1.0,0.0,1.0,1.0,1.0,143.8,173.4,29.599999999999994,29.599999999999994,0,0,0,0,0,0,0,1,0,0
SCN4A:p.G1306E,SCN4A,G,E,1306,GOF,-0.4,-3.5,-3.1,3.1,0.0,-1.0,-1.0,1.0,60.1,138.4,78.30000000000001,78.30000000000001,0,0,0,0,0,0,1,0,0,0
SCN8A:p.G1475R,SCN8A,G,R,1475,GOF,-0.4,-4.5,-4.1,4.1,0.0,1.0,1.0,1.0,60.1,173.4,113.30000000000001,113.30000000000001,0,0,0,0,0,0,0,0,1,0
SCN1A:p.I1498M,SCN1A,I,M,1498,LOF,4.5,1.9,-2.6,2.6,0.0,0.0,0.0,0.0,166.7,162.9,-3.799999999999983,3.799999999999983,0,0,0,1,0,0,0,0,0,0
SCN4A:p.I1310N,SCN4A,I,N,1310,GOF,4.5,-3.5,-8.0,8.0,0.0,0.0,0.0,0.0,166.7,114.1,-52.599999999999994,52.599999999999994,0,0,0,0,0,0,1,0,0,0
SCN9A:p.I1461T,SCN9A,I,T,1461,GOF,4.5,-0.7,-5.2,5.2,0.0,0.0,0.0,0.0,166.7,116.1,-50.599999999999994,50.599999999999994,0,0,0,0,0,0,0,0,0,1
SCN5A:p.F1486L,SCN5A,F,L,1486,GOF,2.8,3.8,1.0,1.0,0.0,0.0,0.0,0.0,189.9,166.7,-23.200000000000017,23.200000000000017,0,0,0,0,0,0,0,1,0,0
SCN1A:p.F1499L,SCN1A,F,L,1499,GOF,2.8,3.8,1.0,1.0,0.0,0.0,0.0,0.0,189.9,166.7,-23.200000000000017,23.200000000000017,0,0,0,1,0,0,0,0,0,0
SCN1A:p.M1500V,SCN1A,M,V,1500,GOF,1.9,4.2,2.3000000000000003,2.3000000000000003,0.0,0.0,0.0,0.0,162.9,140.0,-22.900000000000006,22.900000000000006,0,0,0,1,0,0,0,0,0,0
SCN4A:p.T1313A,SCN4A,T,A,1313,GOF,-0.7,1.8,2.5,2.5,0.0,0.0,0.0,0.0,116.1,88.6,-27.5,27.5,0,0,0,0,0,0,1,0,0,0
SCN4A:p.T1313M,SCN4A,T,M,1313,GOF,-0.7,1.9,2.5999999999999996,2.5999999999999996,0.0,0.0,0.0,0.0,116.1,162.9,46.80000000000001,46.80000000000001,0,0,0,0,0,0,1,0,0,0
SCN9A:p.T1464I,SCN9A,T,I,1464,GOF,-0.7,4.5,5.2,5.2,0.0,0.0,0.0,0.0,116.1,166.7,50.599999999999994,50.599999999999994,0,0,0,0,0,0,0,0,0,1
SCN3A:p.T1486I,SCN3A,T,I,1486,GOF,-0.7,4.5,5.2,5.2,0.0,0.0,0.0,0.0,116.1,166.7,50.599999999999994,50.599999999999994,0,0,0,0,0,1,0,0,0,0
SCN8A:p.A1491V,SCN8A,A,V,1491,GOF,1.8,4.2,2.4000000000000004,2.4000000000000004,0.0,0.0,0.0,0.0,88.6,140.0,51.400000000000006,51.400000000000006,0,0,0,0,0,0,0,0,1,0
SCN5A:p.P1506S,SCN5A,P,S,1506,LOF,-1.6,-0.8,0.8,0.8,0.0,0.0,0.0,0.0,112.7,89.0,-23.700000000000003,23.700000000000003,0,0,0,0,0,0,0,1,0,0
SCN5A:p.R1512W,SCN5A,R,W,1512,LOF,-4.5,-0.9,3.6,3.6,1.0,0.0,-1.0,1.0,173.4,227.8,54.400000000000006,54.400000000000006,0,0,0,0,0,0,0,1,0,0
SCN1A:p.R1525Q,SCN1A,R,Q,1525,LOF,-4.5,-3.5,1.0,1.0,1.0,0.0,-1.0,1.0,173.4,143.8,-29.599999999999994,29.599999999999994,0,0,0,1,0,0,0,0,0,0
SCN5A:p.N1541D,SCN5A,N,D,1541,LOF,-3.5,-3.5,0.0,0.0,0.0,-1.0,-1.0,1.0,114.1,111.1,-3.0,3.0,0,0,0,0,0,0,0,1,0,0
SCN4A:p.N1366S,SCN4A,N,S,1366,GOF,-3.5,-0.8,2.7,2.7,0.0,0.0,0.0,0.0,114.1,89.0,-25.099999999999994,25.099999999999994,0,0,0,0,0,0,1,0,0,0
SCN9A:p.W1538R,SCN9A,W,R,1538,GOF,-0.9,-4.5,-3.6,3.6,0.0,1.0,1.0,1.0,227.8,173.4,-54.400000000000006,54.400000000000006,0,0,0,0,0,0,0,0,0,1
SCN1A:p.R1575C,SCN1A,R,C,1575,GOF,-4.5,2.5,7.0,7.0,1.0,0.0,-1.0,1.0,173.4,108.5,-64.9,64.9,0,0,0,1,0,0,0,0,0,0
SCN2A:p.I1571T,SCN2A,I,T,1571,GOF,4.5,-0.7,-5.2,5.2,0.0,0.0,0.0,0.0,166.7,116.1,-50.599999999999994,50.599999999999994,0,0,0,0,1,0,0,0,0,0
SCN10A:p.V1518I,SCN10A,V,I,1518,LOF,4.2,4.5,0.2999999999999998,0.2999999999999998,0.0,0.0,0.0,0.0,140.0,166.7,26.69999999999999,26.69999999999999,0,1,0,0,0,0,0,0,0,0
SCN1A:p.E1587K,SCN1A,E,K,1587,LOF,-3.5,-3.9,-0.3999999999999999,0.3999999999999999,-1.0,1.0,2.0,2.0,138.4,168.6,30.19999999999999,30.19999999999999,0,0,0,1,0,0,0,0,0,0
SCN5A:p.E1574K,SCN5A,E,K,1574,LOF,-3.5,-3.9,-0.3999999999999999,0.3999999999999999,-1.0,1.0,2.0,2.0,138.4,168.6,30.19999999999999,30.19999999999999,0,0,0,0,0,0,0,1,0,0
SCN1A:p.R1596C,SCN1A,R,C,1596,LOF,-4.5,2.5,7.0,7.0,1.0,0.0,-1.0,1.0,173.4,108.5,-64.9,64.9,0,0,0,1,0,0,0,0,0,0
SCN5A:p.R1583C,SCN5A,R,C,1583,LOF,-4.5,2.5,7.0,7.0,1.0,0.0,-1.0,1.0,173.4,108.5,-64.9,64.9,0,0,0,0,0,0,0,1,0,0
SCN2A:p.Y1589C,SCN2A,Y,C,1589,GOF,-1.3,2.5,3.8,3.8,0.0,0.0,0.0,0.0,193.6,108.5,-85.1,85.1,0,0,0,0,1,0,0,0,0,0
SCN2A:p.F1597L,SCN2A,F,L,1597,GOF,2.8,3.8,1.0,1.0,0.0,0.0,0.0,0.0,189.9,166.7,-23.200000000000017,23.200000000000017,0,0,0,0,1,0,0,0,0,0
SCN5A:p.D1595N,SCN5A,D,N,1595,LOF,-3.5,-3.5,0.0,0.0,-1.0,0.0,1.0,1.0,111.1,114.1,3.0,3.0,0,0,0,0,0,0,0,1,0,0
SCN1A:p.V1611F,SCN1A,V,F,1611,GOF,4.2,2.8,-1.4000000000000004,1.4000000000000004,0.0,0.0,0.0,0.0,140.0,189.9,49.900000000000006,49.900000000000006,0,0,0,1,0,0,0,0,0,0
SCN5A:p.S1609L,SCN5A,S,L,1609,GOF,-0.8,3.8,4.6,4.6,0.0,0.0,0.0,0.0,89.0,166.7,77.69999999999999,77.69999999999999,0,0,0,0,0,0,0,1,0,0
SCN4A:p.V1442E,SCN4A,V,E,1442,LOF,4.2,-3.5,-7.7,7.7,0.0,-1.0,-1.0,1.0,140.0,138.4,-1.5999999999999943,1.5999999999999943,0,0,0,0,0,0,1,0,0,0
SCN2A:p.P1622S,SCN2A,P,S,1622,LOF,-1.6,-0.8,0.8,0.8,0.0,0.0,0.0,0.0,112.7,89.0,-23.700000000000003,23.700000000000003,0,0,0,0,1,0,0,0,0,0
SCN2A:p.T1623N,SCN2A,T,N,1623,GOF,-0.7,-3.5,-2.8,2.8,0.0,0.0,0.0,0.0,116.1,114.1,-2.0,2.0,0,0,0,0,1,0,0,0,0,0
SCN5A:p.T1620M,SCN5A,T,M,1620,LOF,-0.7,1.9,2.5999999999999996,2.5999999999999996,0.0,0.0,0.0,0.0,116.1,162.9,46.80000000000001,46.80000000000001,0,0,0,0,0,0,0,1,0,0
SCN3A:p.R1621G,SCN3A,R,G,1621,GOF,-4.5,-0.4,4.1,4.1,1.0,0.0,-1.0,1.0,173.4,60.1,-113.30000000000001,113.30000000000001,0,0,0,0,0,1,0,0,0,0
SCN3A:p.R1621Q,SCN3A,R,Q,1621,GOF,-4.5,-3.5,1.0,1.0,1.0,0.0,-1.0,1.0,173.4,143.8,-29.599999999999994,29.599999999999994,0,0,0,0,0,1,0,0,0,0
SCN5A:p.R1623Q,SCN5A,R,Q,1623,GOF,-4.5,-3.5,1.0,1.0,1.0,0.0,-1.0,1.0,173.4,143.8,-29.599999999999994,29.599999999999994,0,0,0,0,0,0,0,1,0,0
SCN8A:p.R1617Q,SCN8A,R,Q,1617,GOF,-4.5,-3.5,1.0,1.0,1.0,0.0,-1.0,1.0,173.4,143.8,-29.599999999999994,29.599999999999994,0,0,0,0,0,0,0,0,1,0
SCN4A:p.R1451C,SCN4A,R,C,1451,LOF,-4.5,2.5,7.0,7.0,1.0,0.0,-1.0,1.0,173.4,108.5,-64.9,64.9,0,0,0,0,0,0,1,0,0,0
SCN5A:p.R1626P,SCN5A,R,P,1626,GOF,-4.5,-1.6,2.9,2.9,1.0,0.0,-1.0,1.0,173.4,112.7,-60.7,60.7,0,0,0,0,0,0,0,1,0,0
SCN4A:p.R1451L,SCN4A,R,L,1451,LOF,-4.5,3.8,8.3,8.3,1.0,0.0,-1.0,1.0,173.4,166.7,-6.700000000000017,6.700000000000017,0,0,0,0,0,0,1,0,0,0
SCN8A:p.R1620L,SCN8A,R,L,1620,LOF,-4.5,3.8,8.3,8.3,1.0,0.0,-1.0,1.0,173.4,166.7,-6.700000000000017,6.700000000000017,0,0,0,0,0,0,0,0,1,0
SCN8A:p.A1622D,SCN8A,A,D,1622,GOF,1.8,-3.5,-5.3,5.3,0.0,-1.0,-1.0,1.0,88.6,111.1,22.5,22.5,0,0,0,0,0,0,0,0,1,0
SCN5A:p.R1629Q,SCN5A,R,Q,1629,LOF,-4.5,-3.5,1.0,1.0,1.0,0.0,-1.0,1.0,173.4,143.8,-29.599999999999994,29.599999999999994,0,0,0,0,0,0,0,1,0,0
SCN4A:p.R1454W,SCN4A,R,W,1454,LOF,-4.5,-0.9,3.6,3.6,1.0,0.0,-1.0,1.0,173.4,227.8,54.400000000000006,54.400000000000006,0,0,0,0,0,0,1,0,0,0
SCN5A:p.G1631D,SCN5A,G,D,1631,GOF,-0.4,-3.5,-3.1,3.1,0.0,-1.0,-1.0,1.0,60.1,111.1,50.99999999999999,50.99999999999999,0,0,0,0,0,0,0,1,0,0
SCN9A:p.G1607R,SCN9A,G,R,1607,GOF,-0.4,-4.5,-4.1,4.1,0.0,1.0,1.0,1.0,60.1,173.4,113.30000000000001,113.30000000000001,0,0,0,0,0,0,0,0,0,1
SCN5A:p.R1632C,SCN5A,R,C,1632,LOF,-4.5,2.5,7.0,7.0,1.0,0.0,-1.0,1.0,173.4,108.5,-64.9,64.9,0,0,0,0,0,0,0,1,0,0
SCN4A:p.R1457H,SCN4A,R,H,1457,LOF,-4.5,-3.2,1.2999999999999998,1.2999999999999998,1.0,1.0,0.0,0.0,173.4,153.2,-20.200000000000017,20.200000000000017,0,0,0,0,0,0,1,0,0,0
SCN9A:p.L1612P,SCN9A,L,P,1612,GOF,3.8,-1.6,-5.4,5.4,0.0,0.0,0.0,0.0,166.7,112.7,-53.999999999999986,53.999999999999986,0,0,0,0,0,0,0,0,0,1
SCN10A:p.R1588Q,SCN10A,R,Q,1588,LOF,-4.5,-3.5,1.0,1.0,1.0,0.0,-1.0,1.0,173.4,143.8,-29.599999999999994,29.599999999999994,0,1,0,0,0,0,0,0,0,0
SCN5A:p.G1642E,SCN5A,G,E,1642,LOF,-0.4,-3.5,-3.1,3.1,0.0,-1.0,-1.0,1.0,60.1,138.4,78.30000000000001,78.30000000000001,0,0,0,0,0,0,0,1,0,0
SCN5A:p.R1644C,SCN5A,R,C,1644,LOF,-4.5,2.5,7.0,7.0,1.0,0.0,-1.0,1.0,173.4,108.5,-64.9,64.9,0,0,0,0,0,0,0,1,0,0
SCN8A:p.R1638C,SCN8A,R,C,1638,LOF,-4.5,2.5,7.0,7.0,1.0,0.0,-1.0,1.0,173.4,108.5,-64.9,64.9,0,0,0,0,0,0,0,0,1,0
SCN5A:p.R1644H,SCN5A,R,H,1644,GOF,-4.5,-3.2,1.2999999999999998,1.2999999999999998,1.0,1.0,0.0,0.0,173.4,153.2,-20.200000000000017,20.200000000000017,0,0,0,0,0,0,0,1,0,0
SCN3A:p.F1646C,SCN3A,F,C,1646,GOF,2.8,2.5,-0.2999999999999998,0.2999999999999998,0.0,0.0,0.0,0.0,189.9,108.5,-81.4,81.4,0,0,0,0,0,1,0,0,0,0
SCN1A:p.F1661L,SCN1A,F,L,1661,GOF,2.8,3.8,1.0,1.0,0.0,0.0,0.0,0.0,189.9,166.7,-23.200000000000017,23.200000000000017,0,0,0,1,0,0,0,0,0,0
SCN4A:p.F1473S,SCN4A,F,S,1473,GOF,2.8,-0.8,-3.5999999999999996,3.5999999999999996,0.0,0.0,0.0,0.0,189.9,89.0,-100.9,100.9,0,0,0,0,0,0,1,0,0,0
SCN9A:p.M1627K,SCN9A,M,K,1627,GOF,1.9,-3.9,-5.8,5.8,0.0,1.0,1.0,1.0,162.9,168.6,5.699999999999989,5.699999999999989,0,0,0,0,0,0,0,0,0,1
SCN5A:p.M1652R,SCN5A,M,R,1652,GOF,1.9,-4.5,-6.4,6.4,0.0,1.0,1.0,1.0,162.9,173.4,10.5,10.5,0,0,0,0,0,0,0,1,0,0
SCN2A:p.P1658S,SCN2A,P,S,1658,LOF,-1.6,-0.8,0.8,0.8,0.0,0.0,0.0,0.0,112.7,89.0,-23.700000000000003,23.700000000000003,0,0,0,0,1,0,0,0,0,0
SCN5A:p.A1656D,SCN5A,A,D,1656,GOF,1.8,-3.5,-5.3,5.3,0.0,-1.0,-1.0,1.0,88.6,111.1,22.5,22.5,0,0,0,0,0,0,0,1,0,0
SCN9A:p.A1632E,SCN9A,A,E,1632,GOF,1.8,-3.5,-5.3,5.3,0.0,-1.0,-1.0,1.0,88.6,138.4,49.80000000000001,49.80000000000001,0,0,0,0,0,0,0,0,0,1
SCN9A:p.A1632G,SCN9A,A,G,1632,GOF,1.8,-0.4,-2.2,2.2,0.0,0.0,0.0,0.0,88.6,60.1,-28.499999999999993,28.499999999999993,0,0,0,0,0,0,0,0,0,1
SCN9A:p.A1632T,SCN9A,A,T,1632,GOF,1.8,-0.7,-2.5,2.5,0.0,0.0,0.0,0.0,88.6,116.1,27.5,27.5,0,0,0,0,0,0,0,0,0,1
SCN5A:p.I1660V,SCN5A,I,V,1660,LOF,4.5,4.2,-0.2999999999999998,0.2999999999999998,0.0,0.0,0.0,0.0,166.7,140.0,-26.69999999999999,26.69999999999999,0,0,0,0,0,0,0,1,0,0
SCN5A:p.G1661R,SCN5A,G,R,1661,LOF,-0.4,-4.5,-4.1,4.1,0.0,1.0,1.0,1.0,60.1,173.4,113.30000000000001,113.30000000000001,0,0,0,0,0,0,0,1,0,0
SCN5A:p.V1667I,SCN5A,V,I,1667,GOF,4.2,4.5,0.2999999999999998,0.2999999999999998,0.0,0.0,0.0,0.0,140.0,166.7,26.69999999999999,26.69999999999999,0,0,0,0,0,0,0,1,0,0
SCN3A:p.Y1669C,SCN3A,Y,C,1669,LOF,-1.3,2.5,3.8,3.8,0.0,0.0,0.0,0.0,193.6,108.5,-85.1,85.1,0,0,0,0,0,1,0,0,0,0
SCN5A:p.S1672Y,SCN5A,S,Y,1672,LOF,-0.8,-1.3,-0.5,0.5,0.0,0.0,0.0,0.0,89.0,193.6,104.6,104.6,0,0,0,0,0,0,0,1,0,0
SCN10A:p.D1639N,SCN10A,D,N,1639,LOF,-3.5,-3.5,0.0,0.0,-1.0,0.0,1.0,1.0,111.1,114.1,3.0,3.0,0,1,0,0,0,0,0,0,0,0
SCN5A:p.D1690N,SCN5A,D,N,1690,LOF,-3.5,-3.5,0.0,0.0,-1.0,0.0,1.0,1.0,111.1,114.1,3.0,3.0,0,0,0,0,0,0,0,1,0,0
SCN5A:p.T1709M,SCN5A,T,M,1709,LOF,-0.7,1.9,2.5999999999999996,2.5999999999999996,0.0,0.0,0.0,0.0,116.1,162.9,46.80000000000001,46.80000000000001,0,0,0,0,0,0,0,1,0,0
SCN5A:p.G1712C,SCN5A,G,C,1712,LOF,-0.4,2.5,2.9,2.9,0.0,0.0,0.0,0.0,60.1,108.5,48.4,48.4,0,0,0,0,0,0,0,1,0,0
SCN10A:p.G1662S,SCN10A,G,S,1662,GOF,-0.4,-0.8,-0.4,0.4,0.0,0.0,0.0,0.0,60.1,89.0,28.9,28.9,0,1,0,0,0,0,0,0,0,0
SCN5A:p.D1714G,SCN5A,D,G,1714,LOF,-3.5,-0.4,3.1,3.1,-1.0,0.0,1.0,1.0,111.1,60.1,-50.99999999999999,50.99999999999999,0,0,0,0,0,0,0,1,0,0
SCN5A:p.N1722D,SCN5A,N,D,1722,LOF,-3.5,-3.5,0.0,0.0,0.0,-1.0,-1.0,1.0,114.1,111.1,-3.0,3.0,0,0,0,0,0,0,0,1,0,0
SCN5A:p.P1730H,SCN5A,P,H,1730,LOF,-1.6,-3.2,-1.6,1.6,0.0,1.0,1.0,1.0,112.7,153.2,40.499999999999986,40.499999999999986,0,0,0,0,0,0,0,1,0,0
SCN5A:p.G1740R,SCN5A,G,R,1740,LOF,-0.4,-4.5,-4.1,4.1,0.0,1.0,1.0,1.0,60.1,173.4,113.30000000000001,113.30000000000001,0,0,0,0,0,0,0,1,0,0
SCN5A:p.G1743R,SCN5A,G,R,1743,LOF,-0.4,-4.5,-4.1,4.1,0.0,1.0,1.0,1.0,60.1,173.4,113.30000000000001,113.30000000000001,0,0,0,0,0,0,0,1,0,0
SCN5A:p.G1748D,SCN5A,G,D,1748,LOF,-0.4,-3.5,-3.1,3.1,0.0,-1.0,-1.0,1.0,60.1,111.1,50.99999999999999,50.99999999999999,0,0,0,0,0,0,0,1,0,0
SCN10A:p.I1706V,SCN10A,I,V,1706,GOF,4.5,4.2,-0.2999999999999998,0.2999999999999998,0.0,0.0,0.0,0.0,166.7,140.0,-26.69999999999999,26.69999999999999,0,1,0,0,0,0,0,0,0,0
SCN1A:p.F1774S,SCN1A,F,S,1774,GOF,2.8,-0.8,-3.5999999999999996,3.5999999999999996,0.0,0.0,0.0,0.0,189.9,89.0,-100.9,100.9,0,0,0,1,0,0,0,0,0,0
SCN5A:p.I1762A,SCN5A,I,A,1762,GOF,4.5,1.8,-2.7,2.7,0.0,0.0,0.0,0.0,166.7,88.6,-78.1,78.1,0,0,0,0,0,0,0,1,0,0
SCN5A:p.V1763M,SCN5A,V,M,1763,GOF,4.2,1.9,-2.3000000000000003,2.3000000000000003,0.0,0.0,0.0,0.0,140.0,162.9,22.900000000000006,22.900000000000006,0,0,0,0,0,0,0,1,0,0
SCN8A:p.V1758A,SCN8A,V,A,1758,LOF,4.2,1.8,-2.4000000000000004,2.4000000000000004,0.0,0.0,0.0,0.0,140.0,88.6,-51.400000000000006,51.400000000000006,0,0,0,0,0,0,0,0,1,0
SCN5A:p.V1764M,SCN5A,V,M,1764,GOF,4.2,1.9,-2.3000000000000003,2.3000000000000003,0.0,0.0,0.0,0.0,140.0,162.9,22.900000000000006,22.900000000000006,0,0,0,0,0,0,0,1,0,0
SCN3A:p.M1765I,SCN3A,M,I,1765,GOF,1.9,4.5,2.6,2.6,0.0,0.0,0.0,0.0,162.9,166.7,3.799999999999983,3.799999999999983,0,0,0,0,0,1,0,0,0,0
SCN8A:p.M1760I,SCN8A,M,I,1760,GOF,1.9,4.5,2.6,2.6,0.0,0.0,0.0,0.0,162.9,166.7,3.799999999999983,3.799999999999983,0,0,0,0,0,0,0,0,1,0
SCN5A:p.Y1767C,SCN5A,Y,C,1767,GOF,-1.3,2.5,3.8,3.8,0.0,0.0,0.0,0.0,193.6,108.5,-85.1,85.1,0,0,0,0,0,0,0,1,0,0
SCN5A:p.I1768V,SCN5A,I,V,1768,GOF,4.5,4.2,-0.2999999999999998,0.2999999999999998,0.0,0.0,0.0,0.0,166.7,140.0,-26.69999999999999,26.69999999999999,0,0,0,0,0,0,0,1,0,0
SCN9A:p.A1746G,SCN9A,A,G,1746,GOF,1.8,-0.4,-2.2,2.2,0.0,0.0,0.0,0.0,88.6,60.1,-28.499999999999993,28.499999999999993,0,0,0,0,0,0,0,0,0,1
SCN2A:p.A1773T,SCN2A,A,T,1773,LOF,1.8,-0.7,-2.5,2.5,0.0,0.0,0.0,0.0,88.6,116.1,27.5,27.5,0,0,0,0,1,0,0,0,0,0
SCN3A:p.V1769A,SCN3A,V,A,1769,GOF,4.2,1.8,-2.4000000000000004,2.4000000000000004,0.0,0.0,0.0,0.0,140.0,88.6,-51.400000000000006,51.400000000000006,0,0,0,0,0,1,0,0,0,0
SCN5A:p.N1774D,SCN5A,N,D,1774,GOF,-3.5,-3.5,0.0,0.0,0.0,-1.0,-1.0,1.0,114.1,111.1,-3.0,3.0,0,0,0,0,0,0,0,1,0,0
SCN8A:p.N1768D,SCN8A,N,D,1768,GOF,-3.5,-3.5,0.0,0.0,0.0,-1.0,-1.0,1.0,114.1,111.1,-3.0,3.0,0,0,0,0,0,0,0,0,1,0
SCN5A:p.S1787N,SCN5A,S,N,1787,GOF,-0.8,-3.5,-2.7,2.7,0.0,0.0,0.0,0.0,89.0,114.1,25.099999999999994,25.099999999999994,0,0,0,0,0,0,0,1,0,0
SCN5A:p.Y1795C,SCN5A,Y,C,1795,GOF,-1.3,2.5,3.8,3.8,0.0,0.0,0.0,0.0,193.6,108.5,-85.1,85.1,0,0,0,0,0,0,0,1,0,0
SCN5A:p.Y1795H,SCN5A,Y,H,1795,LOF,-1.3,-3.2,-1.9000000000000001,1.9000000000000001,0.0,1.0,1.0,1.0,193.6,153.2,-40.400000000000006,40.400000000000006,0,0,0,0,0,0,0,1,0,0
SCN2A:p.E1803G,SCN2A,E,G,1803,GOF,-3.5,-0.4,3.1,3.1,-1.0,0.0,1.0,1.0,138.4,60.1,-78.30000000000001,78.30000000000001,0,0,0,0,1,0,0,0,0,0
SCN4A:p.Q1633E,SCN4A,Q,E,1633,GOF,-3.5,-3.5,0.0,0.0,0.0,-1.0,-1.0,1.0,143.8,138.4,-5.400000000000006,5.400000000000006,0,0,0,0,0,0,1,0,0,0
SCN1A:p.F1831S,SCN1A,F,S,1831,LOF,2.8,-0.8,-3.5999999999999996,3.5999999999999996,0.0,0.0,0.0,0.0,189.9,89.0,-100.9,100.9,0,0,0,1,0,0,0,0,0,0
SCN5A:p.L1825P,SCN5A,L,P,1825,LOF,3.8,-1.6,-5.4,5.4,0.0,0.0,0.0,0.0,166.7,112.7,-53.999999999999986,53.999999999999986,0,0,0,0,0,0,0,1,0,0
SCN5A:p.Q1832E,SCN5A,Q,E,1832,LOF,-3.5,-3.5,0.0,0.0,0.0,-1.0,-1.0,1.0,143.8,138.4,-5.400000000000006,5.400000000000006,0,0,0,0,0,0,0,1,0,0
SCN5A:p.C1850S,SCN5A,C,S,1850,LOF,2.5,-0.8,-3.3,3.3,0.0,0.0,0.0,0.0,108.5,89.0,-19.5,19.5,0,0,0,0,0,0,0,1,0,0
SCN2A:p.M1879T,SCN2A,M,T,1879,GOF,1.9,-0.7,-2.5999999999999996,2.5999999999999996,0.0,0.0,0.0,0.0,162.9,116.1,-46.80000000000001,46.80000000000001,0,0,0,0,1,0,0,0,0,0
SCN8A:p.R1872L,SCN8A,R,L,1872,GOF,-4.5,3.8,8.3,8.3,1.0,0.0,-1.0,1.0,173.4,166.7,-6.700000000000017,6.700000000000017,0,0,0,0,0,0,0,0,1,0
SCN2A:p.R1882G,SCN2A,R,G,1882,GOF,-4.5,-0.4,4.1,4.1,1.0,0.0,-1.0,1.0,173.4,60.1,-113.30000000000001,113.30000000000001,0,0,0,0,1,0,0,0,0,0
SCN2A:p.R1882Q,SCN2A,R,Q,1882,GOF,-4.5,-3.5,1.0,1.0,1.0,0.0,-1.0,1.0,173.4,143.8,-29.599999999999994,29.599999999999994,0,0,0,0,1,0,0,0,0,0
SCN8A:p.R1872Q,SCN8A,R,Q,1872,GOF,-4.5,-3.5,1.0,1.0,1.0,0.0,-1.0,1.0,173.4,143.8,-29.599999999999994,29.599999999999994,0,0,0,0,0,0,0,0,1,0
SCN8A:p.R1872W,SCN8A,R,W,1872,GOF,-4.5,-0.9,3.6,3.6,1.0,0.0,-1.0,1.0,173.4,227.8,54.400000000000006,54.400000000000006,0,0,0,0,0,0,0,0,1,0
SCN5A:p.R1897W,SCN5A,R,W,1897,LOF,-4.5,-0.9,3.6,3.6,1.0,0.0,-1.0,1.0,173.4,227.8,54.400000000000006,54.400000000000006,0,0,0,0,0,0,0,1,0,0
SCN5A:p.R1898C,SCN5A,R,C,1898,LOF,-4.5,2.5,7.0,7.0,1.0,0.0,-1.0,1.0,173.4,108.5,-64.9,64.9,0,0,0,0,0,0,0,1,0,0
SCN1A:p.T1934I,SCN1A,T,I,1934,LOF,-0.7,4.5,5.2,5.2,0.0,0.0,0.0,0.0,116.1,166.7,50.599999999999994,50.599999999999994,0,0,0,1,0,0,0,0,0,0
SCN10A:p.A1886V,SCN10A,A,V,1886,GOF,1.8,4.2,2.4000000000000004,2.4000000000000004,0.0,0.0,0.0,0.0,88.6,140.0,51.400000000000006,51.400000000000006,0,1,0,0,0,0,0,0,0,0
SCN5A:p.I1968S,SCN5A,I,S,1968,LOF,4.5,-0.8,-5.3,5.3,0.0,0.0,0.0,0.0,166.7,89.0,-77.69999999999999,77.69999999999999,0,0,0,0,0,0,0,1,0,0
SCN5A:p.F2004L,SCN5A,F,L,2004,LOF,2.8,3.8,1.0,1.0,0.0,0.0,0.0,0.0,189.9,166.7,-23.200000000000017,23.200000000000017,0,0,0,0,0,0,0,1,0,0
SCN5A:p.P2006A,SCN5A,P,A,2006,GOF,-1.6,1.8,3.4000000000000004,3.4000000000000004,0.0,0.0,0.0,0.0,112.7,88.6,-24.10000000000001,24.10000000000001,0,0,0,0,0,0,0,1,0,0
