id,gene,y,pheno,aa1,aa2,pos,variant_key,functional_label,label_status,source_name,source_url
brunklaus2020_001,SCN1A,LOF,familial FS,M,T,145,Met145Thr,Loss,published_experimental_function,Brunklaus et al. 2020 supplementary functional characterization,https://discovery.ucl.ac.uk/id/eprint/10091164/10/Schorge_SCN1A%20variants%20from%20bench%20to%20bedside-improved%20clinical%20prediction%20from%20functional%20characterization_Spreadsheet.xlsx
brunklaus2020_002,SCN1A,LOF,DS only,G,A,177,Gly177Ala,Loss,published_experimental_function,Brunklaus et al. 2020 supplementary functional characterization,https://discovery.ucl.ac.uk/id/eprint/10091164/10/Schorge_SCN1A%20variants%20from%20bench%20to%20bedside-improved%20clinical%20prediction%20from%20functional%20characterization_Spreadsheet.xlsx
brunklaus2020_003,SCN1A,LOF,DS only,G,E,177,Gly177Glu,Loss,published_experimental_function,Brunklaus et al. 2020 supplementary functional characterization,https://discovery.ucl.ac.uk/id/eprint/10091164/10/Schorge_SCN1A%20variants%20from%20bench%20to%20bedside-improved%20clinical%20prediction%20from%20functional%20characterization_Spreadsheet.xlsx
brunklaus2020_004,SCN1A,LOF,DS only,I,S,227,Ile227Ser,Loss,published_experimental_function,Brunklaus et al. 2020 supplementary functional characterization,https://discovery.ucl.ac.uk/id/eprint/10091164/10/Schorge_SCN1A%20variants%20from%20bench%20to%20bedside-improved%20clinical%20prediction%20from%20functional%20characterization_Spreadsheet.xlsx
brunklaus2020_005,SCN1A,LOF,DS only,S,R,259,Ser259Arg,Loss,published_experimental_function,Brunklaus et al. 2020 supplementary functional characterization,https://discovery.ucl.ac.uk/id/eprint/10091164/10/Schorge_SCN1A%20variants%20from%20bench%20to%20bedside-improved%20clinical%20prediction%20from%20functional%20characterization_Spreadsheet.xlsx
brunklaus2020_006,SCN1A,GOF,DS only,L,V,263,Leu263Val,Gain,published_experimental_function,Brunklaus et al. 2020 supplementary functional characterization,https://discovery.ucl.ac.uk/id/eprint/10091164/10/Schorge_SCN1A%20variants%20from%20bench%20to%20bedside-improved%20clinical%20prediction%20from%20functional%20characterization_Spreadsheet.xlsx
brunklaus2020_007,SCN1A,LOF,DS only,R,H,393,Arg393His,Loss,published_experimental_function,Brunklaus et al. 2020 supplementary functional characterization,https://discovery.ucl.ac.uk/id/eprint/10091164/10/Schorge_SCN1A%20variants%20from%20bench%20to%20bedside-improved%20clinical%20prediction%20from%20functional%20characterization_Spreadsheet.xlsx
brunklaus2020_008,SCN1A,LOF,DS only,Y,N,426,Tyr426Asn,Loss,published_experimental_function,Brunklaus et al. 2020 supplementary functional characterization,https://discovery.ucl.ac.uk/id/eprint/10091164/10/Schorge_SCN1A%20variants%20from%20bench%20to%20bedside-improved%20clinical%20prediction%20from%20functional%20characterization_Spreadsheet.xlsx
brunklaus2020_009,SCN1A,LOF,"GEFS+, Panayiotopoulos syndrome",Y,C,790,Tyr790Cys,Loss,published_experimental_function,Brunklaus et al. 2020 supplementary functional characterization,https://discovery.ucl.ac.uk/id/eprint/10091164/10/Schorge_SCN1A%20variants%20from%20bench%20to%20bedside-improved%20clinical%20prediction%20from%20functional%20characterization_Spreadsheet.xlsx
brunklaus2020_010,SCN1A,LOF,"GEFS+, DS",R,C,859,Arg859Cys,Loss,published_experimental_function,Brunklaus et al. 2020 supplementary functional characterization,https://discovery.ucl.ac.uk/id/eprint/10091164/10/Schorge_SCN1A%20variants%20from%20bench%20to%20bedside-improved%20clinical%20prediction%20from%20functional%20characterization_Spreadsheet.xlsx
brunklaus2020_011,SCN1A,LOF,GEFS+; SMEB,T,M,875,Thr875Met,Loss,published_experimental_function,Brunklaus et al. 2020 supplementary functional characterization,https://discovery.ucl.ac.uk/id/eprint/10091164/10/Schorge_SCN1A%20variants%20from%20bench%20to%20bedside-improved%20clinical%20prediction%20from%20functional%20characterization_Spreadsheet.xlsx
brunklaus2020_012,SCN1A,LOF,DS only,F,C,902,Phe902Cys,Loss,published_experimental_function,Brunklaus et al. 2020 supplementary functional characterization,https://discovery.ucl.ac.uk/id/eprint/10091164/10/Schorge_SCN1A%20variants%20from%20bench%20to%20bedside-improved%20clinical%20prediction%20from%20functional%20characterization_Spreadsheet.xlsx
brunklaus2020_013,SCN1A,LOF,DS only,H,Q,939,His939Gln,Loss,published_experimental_function,Brunklaus et al. 2020 supplementary functional characterization,https://discovery.ucl.ac.uk/id/eprint/10091164/10/Schorge_SCN1A%20variants%20from%20bench%20to%20bedside-improved%20clinical%20prediction%20from%20functional%20characterization_Spreadsheet.xlsx
brunklaus2020_014,SCN1A,LOF,DS only,R,C,946,Arg946Cys,Loss,published_experimental_function,Brunklaus et al. 2020 supplementary functional characterization,https://discovery.ucl.ac.uk/id/eprint/10091164/10/Schorge_SCN1A%20variants%20from%20bench%20to%20bedside-improved%20clinical%20prediction%20from%20functional%20characterization_Spreadsheet.xlsx
brunklaus2020_015,SCN1A,LOF,"PEFS+, DS",R,H,946,Arg946His,Loss,published_experimental_function,Brunklaus et al. 2020 supplementary functional characterization,https://discovery.ucl.ac.uk/id/eprint/10091164/10/Schorge_SCN1A%20variants%20from%20bench%20to%20bedside-improved%20clinical%20prediction%20from%20functional%20characterization_Spreadsheet.xlsx
brunklaus2020_016,SCN1A,LOF,GEFS+,M,T,956,Met956Thr,Loss,published_experimental_function,Brunklaus et al. 2020 supplementary functional characterization,https://discovery.ucl.ac.uk/id/eprint/10091164/10/Schorge_SCN1A%20variants%20from%20bench%20to%20bedside-improved%20clinical%20prediction%20from%20functional%20characterization_Spreadsheet.xlsx
brunklaus2020_017,SCN1A,LOF,DS only,C,R,959,Cys959Arg,Loss,published_experimental_function,Brunklaus et al. 2020 supplementary functional characterization,https://discovery.ucl.ac.uk/id/eprint/10091164/10/Schorge_SCN1A%20variants%20from%20bench%20to%20bedside-improved%20clinical%20prediction%20from%20functional%20characterization_Spreadsheet.xlsx
brunklaus2020_018,SCN1A,LOF,DS only,G,R,979,Gly979Arg,Loss,published_experimental_function,Brunklaus et al. 2020 supplementary functional characterization,https://discovery.ucl.ac.uk/id/eprint/10091164/10/Schorge_SCN1A%20variants%20from%20bench%20to%20bedside-improved%20clinical%20prediction%20from%20functional%20characterization_Spreadsheet.xlsx
brunklaus2020_019,SCN1A,LOF,DS only,V,A,983,Val983Ala,Loss,published_experimental_function,Brunklaus et al. 2020 supplementary functional characterization,https://discovery.ucl.ac.uk/id/eprint/10091164/10/Schorge_SCN1A%20variants%20from%20bench%20to%20bedside-improved%20clinical%20prediction%20from%20functional%20characterization_Spreadsheet.xlsx
brunklaus2020_020,SCN1A,LOF,DS only,L,F,986,Leu986Phe,Loss,published_experimental_function,Brunklaus et al. 2020 supplementary functional characterization,https://discovery.ucl.ac.uk/id/eprint/10091164/10/Schorge_SCN1A%20variants%20from%20bench%20to%20bedside-improved%20clinical%20prediction%20from%20functional%20characterization_Spreadsheet.xlsx
brunklaus2020_021,SCN1A,LOF,DS only,N,I,1011,Asn1011Ile,Loss,published_experimental_function,Brunklaus et al. 2020 supplementary functional characterization,https://discovery.ucl.ac.uk/id/eprint/10091164/10/Schorge_SCN1A%20variants%20from%20bench%20to%20bedside-improved%20clinical%20prediction%20from%20functional%20characterization_Spreadsheet.xlsx
brunklaus2020_022,SCN1A,LOF,SMEB/GEFS+,M,I,1267,Met1267Ile,Loss,published_experimental_function,Brunklaus et al. 2020 supplementary functional characterization,https://discovery.ucl.ac.uk/id/eprint/10091164/10/Schorge_SCN1A%20variants%20from%20bench%20to%20bedside-improved%20clinical%20prediction%20from%20functional%20characterization_Spreadsheet.xlsx
brunklaus2020_023,SCN1A,LOF,GEFS+,V,L,1353,Val1353Leu,Loss,published_experimental_function,Brunklaus et al. 2020 supplementary functional characterization,https://discovery.ucl.ac.uk/id/eprint/10091164/10/Schorge_SCN1A%20variants%20from%20bench%20to%20bedside-improved%20clinical%20prediction%20from%20functional%20characterization_Spreadsheet.xlsx
brunklaus2020_024,SCN1A,LOF,"FS, GEFS+, DS",V,I,1366,Val1366Ile,Loss,published_experimental_function,Brunklaus et al. 2020 supplementary functional characterization,https://discovery.ucl.ac.uk/id/eprint/10091164/10/Schorge_SCN1A%20variants%20from%20bench%20to%20bedside-improved%20clinical%20prediction%20from%20functional%20characterization_Spreadsheet.xlsx
brunklaus2020_025,SCN1A,GOF,FHM3,Q,K,1489,Gln1489Lys,Gain,published_experimental_function,Brunklaus et al. 2020 supplementary functional characterization,https://discovery.ucl.ac.uk/id/eprint/10091164/10/Schorge_SCN1A%20variants%20from%20bench%20to%20bedside-improved%20clinical%20prediction%20from%20functional%20characterization_Spreadsheet.xlsx
brunklaus2020_026,SCN1A,GOF,FHM3,L,P,1624,Leu1624Pro,Gain,published_experimental_function,Brunklaus et al. 2020 supplementary functional characterization,https://discovery.ucl.ac.uk/id/eprint/10091164/10/Schorge_SCN1A%20variants%20from%20bench%20to%20bedside-improved%20clinical%20prediction%20from%20functional%20characterization_Spreadsheet.xlsx
brunklaus2020_027,SCN1A,LOF,DS only,P,S,1632,Pro1632Ser,Loss,published_experimental_function,Brunklaus et al. 2020 supplementary functional characterization,https://discovery.ucl.ac.uk/id/eprint/10091164/10/Schorge_SCN1A%20variants%20from%20bench%20to%20bedside-improved%20clinical%20prediction%20from%20functional%20characterization_Spreadsheet.xlsx
brunklaus2020_028,SCN1A,LOF,GEFS+,I,M,1656,Ile1656Met,Loss,published_experimental_function,Brunklaus et al. 2020 supplementary functional characterization,https://discovery.ucl.ac.uk/id/eprint/10091164/10/Schorge_SCN1A%20variants%20from%20bench%20to%20bedside-improved%20clinical%20prediction%20from%20functional%20characterization_Spreadsheet.xlsx
brunklaus2020_029,SCN1A,LOF,GEFS+,R,C,1657,Arg1657Cys,Loss,published_experimental_function,Brunklaus et al. 2020 supplementary functional characterization,https://discovery.ucl.ac.uk/id/eprint/10091164/10/Schorge_SCN1A%20variants%20from%20bench%20to%20bedside-improved%20clinical%20prediction%20from%20functional%20characterization_Spreadsheet.xlsx
brunklaus2020_030,SCN1A,LOF,"GEFS+, DS",M,K,1664,Met1664Lys,Loss,published_experimental_function,Brunklaus et al. 2020 supplementary functional characterization,https://discovery.ucl.ac.uk/id/eprint/10091164/10/Schorge_SCN1A%20variants%20from%20bench%20to%20bedside-improved%20clinical%20prediction%20from%20functional%20characterization_Spreadsheet.xlsx
brunklaus2020_031,SCN1A,GOF,FHM3,L,W,1670,Leu1670Trp,Gain,published_experimental_function,Brunklaus et al. 2020 supplementary functional characterization,https://discovery.ucl.ac.uk/id/eprint/10091164/10/Schorge_SCN1A%20variants%20from%20bench%20to%20bedside-improved%20clinical%20prediction%20from%20functional%20characterization_Spreadsheet.xlsx
brunklaus2020_032,SCN1A,LOF,DS only,G,R,1674,Gly1674Arg,Loss,published_experimental_function,Brunklaus et al. 2020 supplementary functional characterization,https://discovery.ucl.ac.uk/id/eprint/10091164/10/Schorge_SCN1A%20variants%20from%20bench%20to%20bedside-improved%20clinical%20prediction%20from%20functional%20characterization_Spreadsheet.xlsx
brunklaus2020_033,SCN1A,LOF,DS only,A,D,1685,Ala1685Asp,Loss,published_experimental_function,Brunklaus et al. 2020 supplementary functional characterization,https://discovery.ucl.ac.uk/id/eprint/10091164/10/Schorge_SCN1A%20variants%20from%20bench%20to%20bedside-improved%20clinical%20prediction%20from%20functional%20characterization_Spreadsheet.xlsx
brunklaus2020_034,SCN1A,LOF,PEFS+,A,V,1685,Ala1685Val,Loss,published_experimental_function,Brunklaus et al. 2020 supplementary functional characterization,https://discovery.ucl.ac.uk/id/eprint/10091164/10/Schorge_SCN1A%20variants%20from%20bench%20to%20bedside-improved%20clinical%20prediction%20from%20functional%20characterization_Spreadsheet.xlsx
brunklaus2020_035,SCN1A,LOF,DS only,T,I,1709,Thr1709Ile,Loss,published_experimental_function,Brunklaus et al. 2020 supplementary functional characterization,https://discovery.ucl.ac.uk/id/eprint/10091164/10/Schorge_SCN1A%20variants%20from%20bench%20to%20bedside-improved%20clinical%20prediction%20from%20functional%20characterization_Spreadsheet.xlsx
brunklaus2020_036,SCN1A,LOF,DS only,G,E,1749,Gly1749Glu,Loss,published_experimental_function,Brunklaus et al. 2020 supplementary functional characterization,https://discovery.ucl.ac.uk/id/eprint/10091164/10/Schorge_SCN1A%20variants%20from%20bench%20to%20bedside-improved%20clinical%20prediction%20from%20functional%20characterization_Spreadsheet.xlsx
brunklaus2020_037,SCN1A,LOF,PEFS+,F,L,1765,Phe1765Leu,Loss,published_experimental_function,Brunklaus et al. 2020 supplementary functional characterization,https://discovery.ucl.ac.uk/id/eprint/10091164/10/Schorge_SCN1A%20variants%20from%20bench%20to%20bedside-improved%20clinical%20prediction%20from%20functional%20characterization_Spreadsheet.xlsx
brunklaus2020_038,SCN1A,LOF,"DS, GEFS+, FS",M,T,1852,Met1852Thr,Loss,published_experimental_function,Brunklaus et al. 2020 supplementary functional characterization,https://discovery.ucl.ac.uk/id/eprint/10091164/10/Schorge_SCN1A%20variants%20from%20bench%20to%20bedside-improved%20clinical%20prediction%20from%20functional%20characterization_Spreadsheet.xlsx
brunklaus2020_039,SCN1A,LOF,DS only,Q,R,1923,Gln1923Arg,Loss,published_experimental_function,Brunklaus et al. 2020 supplementary functional characterization,https://discovery.ucl.ac.uk/id/eprint/10091164/10/Schorge_SCN1A%20variants%20from%20bench%20to%20bedside-improved%20clinical%20prediction%20from%20functional%20characterization_Spreadsheet.xlsx
brunklaus2020_040,SCN1A,LOF,GEFS+,R,G,1927,Arg1927Gly,Loss,published_experimental_function,Brunklaus et al. 2020 supplementary functional characterization,https://discovery.ucl.ac.uk/id/eprint/10091164/10/Schorge_SCN1A%20variants%20from%20bench%20to%20bedside-improved%20clinical%20prediction%20from%20functional%20characterization_Spreadsheet.xlsx
