id,gene,y,pheno,aa1,aa2,pos,variant_key,functional_label,label_status,overlap_with_deepgene_v1,source_name,source_url
2,SCN9A,GOF,IEM,Q,R,10,SCN9A:p.Q10R,GOF,primary,False,SCION / Bosselmann et al. 2023,https://github.com/christianbosselmann/SCION
3,SCN2A,LOF,ASD,D,N,12,SCN2A:p.D12N,LOF,primary,False,SCION / Bosselmann et al. 2023,https://github.com/christianbosselmann/SCION
4,SCN5A,GOF,LQT3,R,W,18,SCN5A:p.R18W,GOF,primary,False,SCION / Bosselmann et al. 2023,https://github.com/christianbosselmann/SCION
5,SCN5A,LOF,BrS,R,H,27,SCN5A:p.R27H,LOF,primary,False,SCION / Bosselmann et al. 2023,https://github.com/christianbosselmann/SCION
8,SCN1A,LOF,EPI,E,D,78,SCN1A:p.E78D,LOF,primary,False,SCION / Bosselmann et al. 2023,https://github.com/christianbosselmann/SCION
9,SCN5A,LOF,BrS,D,N,84,SCN5A:p.D84N,LOF,primary,False,SCION / Bosselmann et al. 2023,https://github.com/christianbosselmann/SCION
10,SCN2A,LOF,ASD,D,G,82,SCN2A:p.D82G,LOF,primary,False,SCION / Bosselmann et al. 2023,https://github.com/christianbosselmann/SCION
11,SCN5A,LOF,BrS,F,S,93,SCN5A:p.F93S,LOF,primary,False,SCION / Bosselmann et al. 2023,https://github.com/christianbosselmann/SCION
12,SCN10A,LOF,AF,V,G,94,SCN10A:p.V94G,LOF,primary,False,SCION / Bosselmann et al. 2023,https://github.com/christianbosselmann/SCION
13,SCN4A,LOF,CMS,R,H,104,SCN4A:p.R104H,LOF,primary,False,SCION / Bosselmann et al. 2023,https://github.com/christianbosselmann/SCION
14,SCN5A,LOF,BrS,R,Q,104,SCN5A:p.R104Q,LOF,primary,False,SCION / Bosselmann et al. 2023,https://github.com/christianbosselmann/SCION
15,SCN5A,LOF,BrS,R,W,104,SCN5A:p.R104W,LOF,primary,False,SCION / Bosselmann et al. 2023,https://github.com/christianbosselmann/SCION
17,SCN5A,LOF,BrS,R,W,121,SCN5A:p.R121W,LOF,primary,False,SCION / Bosselmann et al. 2023,https://github.com/christianbosselmann/SCION
18,SCN5A,LOF,BrS,A,D,124,SCN5A:p.A124D,LOF,primary,False,SCION / Bosselmann et al. 2023,https://github.com/christianbosselmann/SCION
19,SCN5A,GOF,LQT3,V,L,125,SCN5A:p.V125L,GOF,primary,False,SCION / Bosselmann et al. 2023,https://github.com/christianbosselmann/SCION
20,SCN5A,LOF,BrS,K,E,126,SCN5A:p.K126E,LOF,primary,False,SCION / Bosselmann et al. 2023,https://github.com/christianbosselmann/SCION
21,SCN5A,LOF,BrS,L,P,136,SCN5A:p.L136P,LOF,primary,False,SCION / Bosselmann et al. 2023,https://github.com/christianbosselmann/SCION
22,SCN8A,GOF,EPI,M,I,139,SCN8A:p.M139I,GOF,primary,False,SCION / Bosselmann et al. 2023,https://github.com/christianbosselmann/SCION
23,SCN4A,GOF,PMC,I,V,141,SCN4A:p.I141V,GOF,primary,False,SCION / Bosselmann et al. 2023,https://github.com/christianbosselmann/SCION
24,SCN9A,GOF,IEM,I,V,136,SCN9A:p.I136V,GOF,primary,False,SCION / Bosselmann et al. 2023,https://github.com/christianbosselmann/SCION
25,SCN1A,LOF,EPI,M,T,145,SCN1A:p.M145T,LOF,primary,True,SCION / Bosselmann et al. 2023,https://github.com/christianbosselmann/SCION
26,SCN5A,LOF,BrS,E,K,161,SCN5A:p.E161K,LOF,primary,False,SCION / Bosselmann et al. 2023,https://github.com/christianbosselmann/SCION
27,SCN10A,GOF,AF,Y,D,158,SCN10A:p.Y158D,GOF,primary,False,SCION / Bosselmann et al. 2023,https://github.com/christianbosselmann/SCION
28,SCN5A,LOF,BrS,K,N,175,SCN5A:p.K175N,LOF,primary,False,SCION / Bosselmann et al. 2023,https://github.com/christianbosselmann/SCION
29,SCN5A,LOF,BrS,A,G,178,SCN5A:p.A178G,LOF,primary,False,SCION / Bosselmann et al. 2023,https://github.com/christianbosselmann/SCION
30,SCN1A,LOF,EPI,G,A,177,SCN1A:p.G177A,LOF,primary,True,SCION / Bosselmann et al. 2023,https://github.com/christianbosselmann/SCION
31,SCN1A,LOF,EPI,G,E,177,SCN1A:p.G177E,LOF,primary,True,SCION / Bosselmann et al. 2023,https://github.com/christianbosselmann/SCION
32,SCN5A,LOF,BrS,T,I,187,SCN5A:p.T187I,LOF,primary,False,SCION / Bosselmann et al. 2023,https://github.com/christianbosselmann/SCION
34,SCN4A,LOF,CMS,M,K,203,SCN4A:p.M203K,LOF,primary,False,SCION / Bosselmann et al. 2023,https://github.com/christianbosselmann/SCION
35,SCN2A,GOF,EPI,V,E,208,SCN2A:p.V208E,GOF,primary,False,SCION / Bosselmann et al. 2023,https://github.com/christianbosselmann/SCION
37,SCN9A,GOF,IEM,S,P,211,SCN9A:p.S211P,GOF,primary,False,SCION / Bosselmann et al. 2023,https://github.com/christianbosselmann/SCION
38,SCN11A,GOF,PPN,R,H,222,SCN11A:p.R222H,GOF,primary,False,SCION / Bosselmann et al. 2023,https://github.com/christianbosselmann/SCION
40,SCN9A,GOF,IEM,F,S,216,SCN9A:p.F216S,GOF,primary,False,SCION / Bosselmann et al. 2023,https://github.com/christianbosselmann/SCION
41,SCN8A,LOF,EPI,R,G,223,SCN8A:p.R223G,LOF,primary,False,SCION / Bosselmann et al. 2023,https://github.com/christianbosselmann/SCION
42,SCN5A,LOF,BrS,V,L,223,SCN5A:p.V223L,LOF,primary,False,SCION / Bosselmann et al. 2023,https://github.com/christianbosselmann/SCION
43,SCN4A,LOF,CMS,R,W,225,SCN4A:p.R225W,LOF,primary,False,SCION / Bosselmann et al. 2023,https://github.com/christianbosselmann/SCION
44,SCN5A,LOF,LQT3; BrS,R,W,225,SCN5A:p.R225W,LOF,primary,False,SCION / Bosselmann et al. 2023,https://github.com/christianbosselmann/SCION
45,SCN5A,GOF,LQT3,R,P,225,SCN5A:p.R225P,GOF,primary,False,SCION / Bosselmann et al. 2023,https://github.com/christianbosselmann/SCION
46,SCN5A,LOF,BrS,A,V,226,SCN5A:p.A226V,LOF,primary,False,SCION / Bosselmann et al. 2023,https://github.com/christianbosselmann/SCION
48,SCN1A,LOF,EPI,I,S,227,SCN1A:p.I227S,LOF,primary,True,SCION / Bosselmann et al. 2023,https://github.com/christianbosselmann/SCION
50,SCN9A,GOF,SFN,I,M,228,SCN9A:p.I228M,GOF,primary,False,SCION / Bosselmann et al. 2023,https://github.com/christianbosselmann/SCION
51,SCN2A,GOF,EPI,T,S,236,SCN2A:p.T236S,GOF,primary,False,SCION / Bosselmann et al. 2023,https://github.com/christianbosselmann/SCION
52,SCN9A,GOF,IEM,I,T,234,SCN9A:p.I234T,GOF,primary,False,SCION / Bosselmann et al. 2023,https://github.com/christianbosselmann/SCION
54,SCN9A,GOF,IEM,S,T,241,SCN9A:p.S241T,GOF,primary,False,SCION / Bosselmann et al. 2023,https://github.com/christianbosselmann/SCION
55,SCN10A,GOF,PPN,S,T,242,SCN10A:p.S242T,GOF,primary,False,SCION / Bosselmann et al. 2023,https://github.com/christianbosselmann/SCION
56,SCN3A,LOF,EPI,L,P,247,SCN3A:p.L247P,LOF,primary,False,SCION / Bosselmann et al. 2023,https://github.com/christianbosselmann/SCION
57,SCN1A,LOF,EPI,D,E,249,SCN1A:p.D249E,LOF,primary,False,SCION / Bosselmann et al. 2023,https://github.com/christianbosselmann/SCION
58,SCN1A,LOF,EPI,S,R,259,SCN1A:p.S259R,LOF,primary,True,SCION / Bosselmann et al. 2023,https://github.com/christianbosselmann/SCION
59,SCN2A,GOF,EPI,A,V,263,SCN2A:p.A263V,GOF,primary,False,SCION / Bosselmann et al. 2023,https://github.com/christianbosselmann/SCION
60,SCN1A,GOF,FHM,L,V,263,SCN1A:p.L263V,GOF,primary,True,SCION / Bosselmann et al. 2023,https://github.com/christianbosselmann/SCION
61,SCN8A,LOF,NDD,G,R,269,SCN8A:p.G269R,LOF,primary,False,SCION / Bosselmann et al. 2023,https://github.com/christianbosselmann/SCION
64,SCN5A,LOF,BrS,L,Q,276,SCN5A:p.L276Q,LOF,primary,False,SCION / Bosselmann et al. 2023,https://github.com/christianbosselmann/SCION
65,SCN5A,LOF,BrS,R,H,282,SCN5A:p.R282H,LOF,primary,False,SCION / Bosselmann et al. 2023,https://github.com/christianbosselmann/SCION
66,SCN5A,LOF,BrS,R,C,282,SCN5A:p.R282C,LOF,primary,False,SCION / Bosselmann et al. 2023,https://github.com/christianbosselmann/SCION
67,SCN1A,LOF,EPI,T,I,297,SCN1A:p.T297I,LOF,primary,False,SCION / Bosselmann et al. 2023,https://github.com/christianbosselmann/SCION
68,SCN5A,LOF,BrS,L,R,325,SCN5A:p.L325R,LOF,primary,False,SCION / Bosselmann et al. 2023,https://github.com/christianbosselmann/SCION
69,SCN5A,LOF,BrS,C,R,335,SCN5A:p.C335R,LOF,primary,False,SCION / Bosselmann et al. 2023,https://github.com/christianbosselmann/SCION
70,SCN5A,LOF,BrS,P,L,336,SCN5A:p.P336L,LOF,primary,False,SCION / Bosselmann et al. 2023,https://github.com/christianbosselmann/SCION
71,SCN3A,GOF,EPI,K,Q,354,SCN3A:p.K354Q,GOF,primary,False,SCION / Bosselmann et al. 2023,https://github.com/christianbosselmann/SCION
73,SCN4A,LOF,CMS,P,T,382,SCN4A:p.P382T,LOF,primary,False,SCION / Bosselmann et al. 2023,https://github.com/christianbosselmann/SCION
74,SCN5A,LOF,BrS,D,N,349,SCN5A:p.D349N,LOF,primary,False,SCION / Bosselmann et al. 2023,https://github.com/christianbosselmann/SCION
75,SCN5A,LOF,BrS,T,I,353,SCN5A:p.T353I,LOF,primary,False,SCION / Bosselmann et al. 2023,https://github.com/christianbosselmann/SCION
76,SCN5A,LOF,BrS,D,N,356,SCN5A:p.D356N,LOF,primary,False,SCION / Bosselmann et al. 2023,https://github.com/christianbosselmann/SCION
77,SCN5A,LOF,BrS,R,C,367,SCN5A:p.R367C,LOF,primary,False,SCION / Bosselmann et al. 2023,https://github.com/christianbosselmann/SCION
78,SCN2A,LOF,ASD,R,H,379,SCN2A:p.R379H,LOF,primary,False,SCION / Bosselmann et al. 2023,https://github.com/christianbosselmann/SCION
79,SCN5A,LOF,BrS,R,H,367,SCN5A:p.R367H,LOF,primary,False,SCION / Bosselmann et al. 2023,https://github.com/christianbosselmann/SCION
80,SCN5A,LOF,BrS,R,L,367,SCN5A:p.R367L,LOF,primary,False,SCION / Bosselmann et al. 2023,https://github.com/christianbosselmann/SCION
81,SCN5A,LOF,BrS,M,K,369,SCN5A:p.M369K,LOF,primary,False,SCION / Bosselmann et al. 2023,https://github.com/christianbosselmann/SCION
82,SCN5A,LOF,BrS,W,G,374,SCN5A:p.W374G,LOF,primary,False,SCION / Bosselmann et al. 2023,https://github.com/christianbosselmann/SCION
83,SCN5A,LOF,BrS,R,H,376,SCN5A:p.R376H,LOF,primary,False,SCION / Bosselmann et al. 2023,https://github.com/christianbosselmann/SCION
84,SCN8A,GOF,EPI,N,K,374,SCN8A:p.N374K,GOF,primary,False,SCION / Bosselmann et al. 2023,https://github.com/christianbosselmann/SCION
85,SCN1A,LOF,EPI,R,H,393,SCN1A:p.R393H,LOF,primary,True,SCION / Bosselmann et al. 2023,https://github.com/christianbosselmann/SCION
86,SCN5A,LOF,BrS,G,R,386,SCN5A:p.G386R,LOF,primary,False,SCION / Bosselmann et al. 2023,https://github.com/christianbosselmann/SCION
87,SCN11A,GOF,SFN,I,T,381,SCN11A:p.I381T,GOF,primary,False,SCION / Bosselmann et al. 2023,https://github.com/christianbosselmann/SCION
88,SCN5A,LOF,BrS,V,L,396,SCN5A:p.V396L,LOF,primary,False,SCION / Bosselmann et al. 2023,https://github.com/christianbosselmann/SCION
89,SCN10A,LOF,SUD,L,M,388,SCN10A:p.L388M,LOF,primary,False,SCION / Bosselmann et al. 2023,https://github.com/christianbosselmann/SCION
90,SCN4A,GOF,PMC; PAM,N,K,440,SCN4A:p.N440K,GOF,primary,False,SCION / Bosselmann et al. 2023,https://github.com/christianbosselmann/SCION
92,SCN9A,GOF,IEM,N,K,395,SCN9A:p.N395K,GOF,primary,False,SCION / Bosselmann et al. 2023,https://github.com/christianbosselmann/SCION
93,SCN5A,LOF,BrS,N,S,406,SCN5A:p.N406S,LOF,primary,False,SCION / Bosselmann et al. 2023,https://github.com/christianbosselmann/SCION
94,SCN2A,GOF,EPI,V,L,423,SCN2A:p.V423L,GOF,primary,False,SCION / Bosselmann et al. 2023,https://github.com/christianbosselmann/SCION
95,SCN4A,GOF,PMC,V,M,445,SCN4A:p.V445M,GOF,primary,False,SCION / Bosselmann et al. 2023,https://github.com/christianbosselmann/SCION
96,SCN5A,GOF,LQT3,V,M,411,SCN5A:p.V411M,GOF,primary,False,SCION / Bosselmann et al. 2023,https://github.com/christianbosselmann/SCION
97,SCN9A,GOF,IEM,V,M,400,SCN9A:p.V400M,GOF,primary,False,SCION / Bosselmann et al. 2023,https://github.com/christianbosselmann/SCION
98,SCN1A,LOF,EPI,Y,N,426,SCN1A:p.Y426N,LOF,primary,True,SCION / Bosselmann et al. 2023,https://github.com/christianbosselmann/SCION
99,SCN5A,GOF,LQT3,R,C,458,SCN5A:p.R458C,GOF,primary,False,SCION / Bosselmann et al. 2023,https://github.com/christianbosselmann/SCION
100,SCN5A,LOF,BrS,A,T,551,SCN5A:p.A551T,LOF,primary,False,SCION / Bosselmann et al. 2023,https://github.com/christianbosselmann/SCION
102,SCN5A,LOF,BrS,L,Q,567,SCN5A:p.L567Q,LOF,primary,False,SCION / Bosselmann et al. 2023,https://github.com/christianbosselmann/SCION
103,SCN5A,GOF,LQT3,R,W,569,SCN5A:p.R569W,GOF,primary,False,SCION / Bosselmann et al. 2023,https://github.com/christianbosselmann/SCION
105,SCN10A,GOF,PPN,L,P,554,SCN10A:p.L554P,GOF,primary,False,SCION / Bosselmann et al. 2023,https://github.com/christianbosselmann/SCION
106,SCN5A,LOF,BrS,N,K,592,SCN5A:p.N592K,LOF,primary,False,SCION / Bosselmann et al. 2023,https://github.com/christianbosselmann/SCION
107,SCN9A,GOF,SFN,D,N,623,SCN9A:p.D623N,GOF,primary,False,SCION / Bosselmann et al. 2023,https://github.com/christianbosselmann/SCION
108,SCN5A,GOF,LQT3,L,F,619,SCN5A:p.L619F,GOF,primary,False,SCION / Bosselmann et al. 2023,https://github.com/christianbosselmann/SCION
110,SCN5A,LOF,BrS,R,H,689,SCN5A:p.R689H,LOF,primary,False,SCION / Bosselmann et al. 2023,https://github.com/christianbosselmann/SCION
112,SCN9A,GOF,SFN,I,V,739,SCN9A:p.I739V,GOF,primary,False,SCION / Bosselmann et al. 2023,https://github.com/christianbosselmann/SCION
113,SCN2A,GOF,EPI,T,I,773,SCN2A:p.T773I,GOF,primary,False,SCION / Bosselmann et al. 2023,https://github.com/christianbosselmann/SCION
114,SCN8A,GOF,EPI,T,I,767,SCN8A:p.T767I,GOF,primary,False,SCION / Bosselmann et al. 2023,https://github.com/christianbosselmann/SCION
115,SCN5A,LOF,BrS,M,V,734,SCN5A:p.M734V,LOF,primary,False,SCION / Bosselmann et al. 2023,https://github.com/christianbosselmann/SCION
116,SCN5A,LOF,BrS,A,E,735,SCN5A:p.A735E,LOF,primary,False,SCION / Bosselmann et al. 2023,https://github.com/christianbosselmann/SCION
117,SCN5A,LOF,BrS,A,T,735,SCN5A:p.A735T,LOF,primary,False,SCION / Bosselmann et al. 2023,https://github.com/christianbosselmann/SCION
118,SCN5A,LOF,BrS,A,V,735,SCN5A:p.A735V,LOF,primary,False,SCION / Bosselmann et al. 2023,https://github.com/christianbosselmann/SCION
119,SCN1A,LOF,EPI,E,K,788,SCN1A:p.E788K,LOF,primary,False,SCION / Bosselmann et al. 2023,https://github.com/christianbosselmann/SCION
120,SCN1A,LOF,EPI,Y,C,790,SCN1A:p.Y790C,LOF,primary,True,SCION / Bosselmann et al. 2023,https://github.com/christianbosselmann/SCION
121,SCN5A,LOF,BrS,E,K,746,SCN5A:p.E746K,LOF,primary,False,SCION / Bosselmann et al. 2023,https://github.com/christianbosselmann/SCION
122,SCN5A,LOF,BrS,G,R,752,SCN5A:p.G752R,LOF,primary,False,SCION / Bosselmann et al. 2023,https://github.com/christianbosselmann/SCION
126,SCN5A,LOF,BrS,D,N,785,SCN5A:p.D785N,LOF,primary,False,SCION / Bosselmann et al. 2023,https://github.com/christianbosselmann/SCION
127,SCN8A,LOF,NDD,G,R,822,SCN8A:p.G822R,LOF,primary,False,SCION / Bosselmann et al. 2023,https://github.com/christianbosselmann/SCION
129,SCN10A,LOF,SUD,R,W,756,SCN10A:p.R756W,LOF,primary,False,SCION / Bosselmann et al. 2023,https://github.com/christianbosselmann/SCION
130,SCN1A,LOF,EPI,R,H,859,SCN1A:p.R859H,LOF,primary,True,SCION / Bosselmann et al. 2023,https://github.com/christianbosselmann/SCION
131,SCN4A,LOF,HypoPP,R,H,669,SCN4A:p.R669H,LOF,primary,False,SCION / Bosselmann et al. 2023,https://github.com/christianbosselmann/SCION
132,SCN1A,LOF,EPI,R,C,859,SCN1A:p.R859C,LOF,primary,False,SCION / Bosselmann et al. 2023,https://github.com/christianbosselmann/SCION
133,SCN5A,LOF,BrS,R,C,808,SCN5A:p.R808C,LOF,primary,False,SCION / Bosselmann et al. 2023,https://github.com/christianbosselmann/SCION
134,SCN9A,GOF,IEM,F,Y,826,SCN9A:p.F826Y,GOF,primary,False,SCION / Bosselmann et al. 2023,https://github.com/christianbosselmann/SCION
135,SCN4A,LOF,HypoPP,R,G,672,SCN4A:p.R672G,LOF,primary,False,SCION / Bosselmann et al. 2023,https://github.com/christianbosselmann/SCION
136,SCN4A,LOF,HypoPP,R,H,672,SCN4A:p.R672H,LOF,primary,False,SCION / Bosselmann et al. 2023,https://github.com/christianbosselmann/SCION
137,SCN5A,LOF,BrS,R,H,811,SCN5A:p.R811H,LOF,primary,False,SCION / Bosselmann et al. 2023,https://github.com/christianbosselmann/SCION
139,SCN3A,GOF,fetal akinesia,L,P,855,SCN3A:p.L855P,GOF,primary,False,SCION / Bosselmann et al. 2023,https://github.com/christianbosselmann/SCION
140,SCN5A,LOF,BrS,L,Q,812,SCN5A:p.L812Q,LOF,primary,False,SCION / Bosselmann et al. 2023,https://github.com/christianbosselmann/SCION
141,SCN1A,GOF,EPI,R,G,865,SCN1A:p.R865G,GOF,primary,True,SCION / Bosselmann et al. 2023,https://github.com/christianbosselmann/SCION
144,SCN5A,LOF,BrS,K,E,817,SCN5A:p.K817E,LOF,primary,False,SCION / Bosselmann et al. 2023,https://github.com/christianbosselmann/SCION
145,SCN1A,LOF,EPI,T,M,875,SCN1A:p.T875M,LOF,primary,True,SCION / Bosselmann et al. 2023,https://github.com/christianbosselmann/SCION
146,SCN3A,GOF,EPI/PMG,I,T,875,SCN3A:p.I875T,GOF,primary,False,SCION / Bosselmann et al. 2023,https://github.com/christianbosselmann/SCION
147,SCN9A,GOF,IEM,I,T,848,SCN9A:p.I848T,GOF,primary,False,SCION / Bosselmann et al. 2023,https://github.com/christianbosselmann/SCION
148,SCN11A,GOF,SFN,G,R,699,SCN11A:p.G699R,GOF,primary,False,SCION / Bosselmann et al. 2023,https://github.com/christianbosselmann/SCION
149,SCN5A,LOF,BrS,L,P,839,SCN5A:p.L839P,LOF,primary,False,SCION / Bosselmann et al. 2023,https://github.com/christianbosselmann/SCION
150,SCN9A,GOF,IEM; SFN,G,D,856,SCN9A:p.G856D,GOF,primary,False,SCION / Bosselmann et al. 2023,https://github.com/christianbosselmann/SCION
151,SCN9A,GOF,IEM,G,R,856,SCN9A:p.G856R,GOF,primary,False,SCION / Bosselmann et al. 2023,https://github.com/christianbosselmann/SCION
152,SCN9A,GOF,IEM,L,F,858,SCN9A:p.L858F,GOF,primary,False,SCION / Bosselmann et al. 2023,https://github.com/christianbosselmann/SCION
153,SCN9A,GOF,IEM,L,H,858,SCN9A:p.L858H,GOF,primary,False,SCION / Bosselmann et al. 2023,https://github.com/christianbosselmann/SCION
154,SCN4A,GOF,HyperPP; PMC,T,M,704,SCN4A:p.T704M,GOF,primary,False,SCION / Bosselmann et al. 2023,https://github.com/christianbosselmann/SCION
155,SCN9A,GOF,IEM,A,P,863,SCN9A:p.A863P,GOF,primary,False,SCION / Bosselmann et al. 2023,https://github.com/christianbosselmann/SCION
156,SCN1A,LOF,EPI,F,C,902,SCN1A:p.F902C,LOF,primary,True,SCION / Bosselmann et al. 2023,https://github.com/christianbosselmann/SCION
157,SCN5A,LOF,BrS,F,L,851,SCN5A:p.F851L,LOF,primary,False,SCION / Bosselmann et al. 2023,https://github.com/christianbosselmann/SCION
158,SCN9A,GOF,IEM,V,G,872,SCN9A:p.V872G,GOF,primary,False,SCION / Bosselmann et al. 2023,https://github.com/christianbosselmann/SCION
159,SCN2A,LOF,EPI,G,S,899,SCN2A:p.G899S,LOF,primary,False,SCION / Bosselmann et al. 2023,https://github.com/christianbosselmann/SCION
160,SCN1A,LOF,EPI,M,K,909,SCN1A:p.M909K,LOF,primary,False,SCION / Bosselmann et al. 2023,https://github.com/christianbosselmann/SCION
161,SCN9A,GOF,IEM,Q,E,875,SCN9A:p.Q875E,GOF,primary,False,SCION / Bosselmann et al. 2023,https://github.com/christianbosselmann/SCION
162,SCN10A,GOF,AF,R,H,814,SCN10A:p.R814H,GOF,primary,False,SCION / Bosselmann et al. 2023,https://github.com/christianbosselmann/SCION
163,SCN2A,GOF,EPI,K,E,908,SCN2A:p.K908E,GOF,primary,False,SCION / Bosselmann et al. 2023,https://github.com/christianbosselmann/SCION
164,SCN9A,LOF,CIP,R,Q,896,SCN9A:p.R896Q,LOF,primary,False,SCION / Bosselmann et al. 2023,https://github.com/christianbosselmann/SCION
165,SCN5A,LOF,BrS,W,R,879,SCN5A:p.W879R,LOF,primary,False,SCION / Bosselmann et al. 2023,https://github.com/christianbosselmann/SCION
166,SCN1A,LOF,EPI,H,Q,939,SCN1A:p.H939Q,LOF,primary,True,SCION / Bosselmann et al. 2023,https://github.com/christianbosselmann/SCION
167,SCN5A,LOF,BrS,I,T,890,SCN5A:p.I890T,LOF,primary,False,SCION / Bosselmann et al. 2023,https://github.com/christianbosselmann/SCION
168,SCN5A,LOF,BrS,F,I,892,SCN5A:p.F892I,LOF,primary,False,SCION / Bosselmann et al. 2023,https://github.com/christianbosselmann/SCION
169,SCN1A,LOF,EPI,R,C,946,SCN1A:p.R946C,LOF,primary,True,SCION / Bosselmann et al. 2023,https://github.com/christianbosselmann/SCION
170,SCN2A,LOF,ASD,R,C,937,SCN2A:p.R937C,LOF,primary,False,SCION / Bosselmann et al. 2023,https://github.com/christianbosselmann/SCION
171,SCN1A,LOF,EPI,R,H,946,SCN1A:p.R946H,LOF,primary,True,SCION / Bosselmann et al. 2023,https://github.com/christianbosselmann/SCION
172,SCN2A,LOF,ASD,R,H,937,SCN2A:p.R937H,LOF,primary,False,SCION / Bosselmann et al. 2023,https://github.com/christianbosselmann/SCION
173,SCN5A,LOF,BrS,E,K,901,SCN5A:p.E901K,LOF,primary,False,SCION / Bosselmann et al. 2023,https://github.com/christianbosselmann/SCION
174,SCN1A,LOF,EPI,M,T,956,SCN1A:p.M956T,LOF,primary,True,SCION / Bosselmann et al. 2023,https://github.com/christianbosselmann/SCION
175,SCN1A,LOF,EPI,C,R,959,SCN1A:p.C959R,LOF,primary,True,SCION / Bosselmann et al. 2023,https://github.com/christianbosselmann/SCION
176,SCN5A,LOF,BrS,S,L,910,SCN5A:p.S910L,LOF,primary,False,SCION / Bosselmann et al. 2023,https://github.com/christianbosselmann/SCION
177,SCN10A,LOF,SUD,L,F,867,SCN10A:p.L867F,LOF,primary,False,SCION / Bosselmann et al. 2023,https://github.com/christianbosselmann/SCION
178,SCN1A,LOF,EPI,G,R,979,SCN1A:p.G979R,LOF,primary,True,SCION / Bosselmann et al. 2023,https://github.com/christianbosselmann/SCION
179,SCN8A,LOF,NDD,G,R,964,SCN8A:p.G964R,LOF,primary,False,SCION / Bosselmann et al. 2023,https://github.com/christianbosselmann/SCION
180,SCN5A,LOF,BrS,N,S,927,SCN5A:p.N927S,LOF,primary,False,SCION / Bosselmann et al. 2023,https://github.com/christianbosselmann/SCION
181,SCN5A,LOF,BrS,L,P,928,SCN5A:p.L928P,LOF,primary,False,SCION / Bosselmann et al. 2023,https://github.com/christianbosselmann/SCION
182,SCN1A,LOF,EPI,V,A,983,SCN1A:p.V983A,LOF,primary,True,SCION / Bosselmann et al. 2023,https://github.com/christianbosselmann/SCION
183,SCN1A,LOF,EPI,N,I,985,SCN1A:p.N985I,LOF,primary,False,SCION / Bosselmann et al. 2023,https://github.com/christianbosselmann/SCION
184,SCN1A,LOF,EPI,L,F,986,SCN1A:p.L986F,LOF,primary,True,SCION / Bosselmann et al. 2023,https://github.com/christianbosselmann/SCION
185,SCN4A,GOF,PMC,L,V,796,SCN4A:p.L796V,GOF,primary,False,SCION / Bosselmann et al. 2023,https://github.com/christianbosselmann/SCION
186,SCN5A,GOF,LQT3,S,N,941,SCN5A:p.S941N,GOF,primary,False,SCION / Bosselmann et al. 2023,https://github.com/christianbosselmann/SCION
187,SCN11A,GOF,FEP,N,K,816,SCN11A:p.N816K,GOF,primary,False,SCION / Bosselmann et al. 2023,https://github.com/christianbosselmann/SCION
188,SCN2A,GOF,EPI,E,K,999,SCN2A:p.E999K,GOF,primary,False,SCION / Bosselmann et al. 2023,https://github.com/christianbosselmann/SCION
189,SCN1A,LOF,EPI,N,I,1011,SCN1A:p.N1011I,LOF,primary,True,SCION / Bosselmann et al. 2023,https://github.com/christianbosselmann/SCION
190,SCN5A,LOF,BrS,R,C,965,SCN5A:p.R965C,LOF,primary,False,SCION / Bosselmann et al. 2023,https://github.com/christianbosselmann/SCION
192,SCN5A,LOF,BrS,R,H,1023,SCN5A:p.R1023H,LOF,primary,False,SCION / Bosselmann et al. 2023,https://github.com/christianbosselmann/SCION
193,SCN10A,GOF,SUD,P,S,1102,SCN10A:p.P1102S,GOF,primary,False,SCION / Bosselmann et al. 2023,https://github.com/christianbosselmann/SCION
194,SCN5A,GOF,LQT3,S,Y,1103,SCN5A:p.S1103Y,GOF,primary,False,SCION / Bosselmann et al. 2023,https://github.com/christianbosselmann/SCION
196,SCN9A,GOF,IEM,W,R,1150,SCN9A:p.W1150R,GOF,primary,False,SCION / Bosselmann et al. 2023,https://github.com/christianbosselmann/SCION
197,SCN5A,GOF,LQT3,P,L,1177,SCN5A:p.P1177L,GOF,primary,False,SCION / Bosselmann et al. 2023,https://github.com/christianbosselmann/SCION
199,SCN5A,LOF,LQT3; BrS,R,Q,1193,SCN5A:p.R1193Q,LOF,primary,False,SCION / Bosselmann et al. 2023,https://github.com/christianbosselmann/SCION
201,SCN5A,LOF,BrS,S,I,1218,SCN5A:p.S1218I,LOF,primary,False,SCION / Bosselmann et al. 2023,https://github.com/christianbosselmann/SCION
202,SCN5A,LOF,LQT3; BrS,E,K,1225,SCN5A:p.E1225K,LOF,primary,False,SCION / Bosselmann et al. 2023,https://github.com/christianbosselmann/SCION
203,SCN5A,LOF,BrS,R,W,1232,SCN5A:p.R1232W,LOF,primary,False,SCION / Bosselmann et al. 2023,https://github.com/christianbosselmann/SCION
206,SCN1A,LOF,EPI,M,I,1267,SCN1A:p.M1267I,LOF,primary,True,SCION / Bosselmann et al. 2023,https://github.com/christianbosselmann/SCION
208,SCN5A,LOF,BrS,G,S,1262,SCN5A:p.G1262S,LOF,primary,False,SCION / Bosselmann et al. 2023,https://github.com/christianbosselmann/SCION
211,SCN5A,LOF,BrS,A,G,1294,SCN5A:p.A1294G,LOF,primary,False,SCION / Bosselmann et al. 2023,https://github.com/christianbosselmann/SCION
212,SCN5A,GOF,LQT3,E,K,1295,SCN5A:p.E1295K,GOF,primary,False,SCION / Bosselmann et al. 2023,https://github.com/christianbosselmann/SCION
213,SCN9A,GOF,PPN,R,P,1279,SCN9A:p.R1279P,GOF,primary,False,SCION / Bosselmann et al. 2023,https://github.com/christianbosselmann/SCION
214,SCN5A,GOF,LQT3,T,M,1304,SCN5A:p.T1304M,GOF,primary,False,SCION / Bosselmann et al. 2023,https://github.com/christianbosselmann/SCION
216,SCN2A,LOF,EPI,R,T,1312,SCN2A:p.R1312T,LOF,primary,False,SCION / Bosselmann et al. 2023,https://github.com/christianbosselmann/SCION
217,SCN11A,GOF,SFN,L,P,1158,SCN11A:p.L1158P,GOF,primary,False,SCION / Bosselmann et al. 2023,https://github.com/christianbosselmann/SCION
218,SCN2A,LOF,EPI,R,Q,1319,SCN2A:p.R1319Q,LOF,primary,False,SCION / Bosselmann et al. 2023,https://github.com/christianbosselmann/SCION
219,SCN5A,LOF,BrS,G,V,1319,SCN5A:p.G1319V,LOF,primary,False,SCION / Bosselmann et al. 2023,https://github.com/christianbosselmann/SCION
220,SCN9A,GOF,PEPD,V,F,1298,SCN9A:p.V1298F,GOF,primary,False,SCION / Bosselmann et al. 2023,https://github.com/christianbosselmann/SCION
221,SCN9A,GOF,PEPD,V,F,1299,SCN9A:p.V1299F,GOF,primary,False,SCION / Bosselmann et al. 2023,https://github.com/christianbosselmann/SCION
222,SCN5A,GOF,LQT3,N,S,1325,SCN5A:p.N1325S,GOF,primary,False,SCION / Bosselmann et al. 2023,https://github.com/christianbosselmann/SCION
223,SCN2A,LOF,EPI,L,F,1330,SCN2A:p.L1330F,LOF,primary,False,SCION / Bosselmann et al. 2023,https://github.com/christianbosselmann/SCION
224,SCN5A,GOF,BrS,V,M,1328,SCN5A:p.V1328M,GOF,primary,False,SCION / Bosselmann et al. 2023,https://github.com/christianbosselmann/SCION
225,SCN5A,GOF,LQT3,A,P,1330,SCN5A:p.A1330P,GOF,primary,False,SCION / Bosselmann et al. 2023,https://github.com/christianbosselmann/SCION
226,SCN4A,GOF,HyperPP; PMC,A,T,1156,SCN4A:p.A1156T,GOF,primary,False,SCION / Bosselmann et al. 2023,https://github.com/christianbosselmann/SCION
227,SCN5A,GOF,LQT3,A,T,1330,SCN5A:p.A1330T,GOF,primary,False,SCION / Bosselmann et al. 2023,https://github.com/christianbosselmann/SCION
228,SCN3A,GOF,EPI,P,L,1333,SCN3A:p.P1333L,GOF,primary,False,SCION / Bosselmann et al. 2023,https://github.com/christianbosselmann/SCION
229,SCN4A,GOF,PAM,P,L,1158,SCN4A:p.P1158L,GOF,primary,False,SCION / Bosselmann et al. 2023,https://github.com/christianbosselmann/SCION
230,SCN5A,GOF,LQT3,P,L,1332,SCN5A:p.P1332L,GOF,primary,False,SCION / Bosselmann et al. 2023,https://github.com/christianbosselmann/SCION
231,SCN9A,GOF,IEM,P,L,1308,SCN9A:p.P1308L,GOF,primary,False,SCION / Bosselmann et al. 2023,https://github.com/christianbosselmann/SCION
233,SCN5A,GOF,LQT3,S,Y,1333,SCN5A:p.S1333Y,GOF,primary,False,SCION / Bosselmann et al. 2023,https://github.com/christianbosselmann/SCION
234,SCN2A,GOF,EPI,S,Y,1336,SCN2A:p.S1336Y,GOF,primary,False,SCION / Bosselmann et al. 2023,https://github.com/christianbosselmann/SCION
235,SCN8A,GOF,EPI,I,V,1327,SCN8A:p.I1327V,GOF,primary,False,SCION / Bosselmann et al. 2023,https://github.com/christianbosselmann/SCION
236,SCN2A,GOF,EPI,N,D,1339,SCN2A:p.N1339D,GOF,primary,False,SCION / Bosselmann et al. 2023,https://github.com/christianbosselmann/SCION
237,SCN8A,GOF,EPI,L,V,1331,SCN8A:p.L1331V,GOF,primary,False,SCION / Bosselmann et al. 2023,https://github.com/christianbosselmann/SCION
239,SCN9A,GOF,IEM,V,A,1316,SCN9A:p.V1316A,GOF,primary,False,SCION / Bosselmann et al. 2023,https://github.com/christianbosselmann/SCION
240,SCN11A,GOF,PPN,V,A,1184,SCN11A:p.V1184A,GOF,primary,False,SCION / Bosselmann et al. 2023,https://github.com/christianbosselmann/SCION
241,SCN5A,LOF,BrS,V,I,1340,SCN5A:p.V1340I,LOF,primary,False,SCION / Bosselmann et al. 2023,https://github.com/christianbosselmann/SCION
242,SCN1A,LOF,EPI,V,L,1353,SCN1A:p.V1353L,LOF,primary,True,SCION / Bosselmann et al. 2023,https://github.com/christianbosselmann/SCION
243,SCN5A,LOF,BrS,F,S,1344,SCN5A:p.F1344S,LOF,primary,False,SCION / Bosselmann et al. 2023,https://github.com/christianbosselmann/SCION
244,SCN5A,LOF,BrS,W,C,1345,SCN5A:p.W1345C,LOF,primary,False,SCION / Bosselmann et al. 2023,https://github.com/christianbosselmann/SCION
245,SCN5A,LOF,BrS,L,P,1346,SCN5A:p.L1346P,LOF,primary,False,SCION / Bosselmann et al. 2023,https://github.com/christianbosselmann/SCION
246,SCN1A,LOF,EPI,V,I,1366,SCN1A:p.V1366I,LOF,primary,True,SCION / Bosselmann et al. 2023,https://github.com/christianbosselmann/SCION
248,SCN10A,GOF,PPN,A,T,1304,SCN10A:p.A1304T,GOF,primary,False,SCION / Bosselmann et al. 2023,https://github.com/christianbosselmann/SCION
249,SCN8A,LOF,NDD,T,N,1360,SCN8A:p.T1360N,LOF,primary,False,SCION / Bosselmann et al. 2023,https://github.com/christianbosselmann/SCION
250,SCN5A,LOF,BrS,V,M,1378,SCN5A:p.V1378M,LOF,primary,False,SCION / Bosselmann et al. 2023,https://github.com/christianbosselmann/SCION
251,SCN5A,LOF,BrS,N,K,1380,SCN5A:p.N1380K,LOF,primary,False,SCION / Bosselmann et al. 2023,https://github.com/christianbosselmann/SCION
252,SCN5A,LOF,BrS,S,I,1382,SCN5A:p.S1382I,LOF,primary,False,SCION / Bosselmann et al. 2023,https://github.com/christianbosselmann/SCION
253,SCN4A,LOF,CMS,C,F,1209,SCN4A:p.C1209F,LOF,primary,False,SCION / Bosselmann et al. 2023,https://github.com/christianbosselmann/SCION
254,SCN2A,LOF,ASD,C,R,1386,SCN2A:p.C1386R,LOF,primary,False,SCION / Bosselmann et al. 2023,https://github.com/christianbosselmann/SCION
255,SCN5A,LOF,BrS,V,L,1405,SCN5A:p.V1405L,LOF,primary,False,SCION / Bosselmann et al. 2023,https://github.com/christianbosselmann/SCION
256,SCN5A,LOF,BrS,V,M,1405,SCN5A:p.V1405M,LOF,primary,False,SCION / Bosselmann et al. 2023,https://github.com/christianbosselmann/SCION
257,SCN5A,LOF,BrS,G,E,1406,SCN5A:p.G1406E,LOF,primary,False,SCION / Bosselmann et al. 2023,https://github.com/christianbosselmann/SCION
258,SCN5A,LOF,BrS,G,R,1406,SCN5A:p.G1406R,LOF,primary,False,SCION / Bosselmann et al. 2023,https://github.com/christianbosselmann/SCION
259,SCN1A,LOF,EPI,G,W,1421,SCN1A:p.G1421W,LOF,primary,False,SCION / Bosselmann et al. 2023,https://github.com/christianbosselmann/SCION
260,SCN2A,LOF,ASD,T,M,1420,SCN2A:p.T1420M,LOF,primary,False,SCION / Bosselmann et al. 2023,https://github.com/christianbosselmann/SCION
261,SCN5A,LOF,BrS,G,R,1420,SCN5A:p.G1420R,LOF,primary,False,SCION / Bosselmann et al. 2023,https://github.com/christianbosselmann/SCION
262,SCN5A,LOF,BrS,G,V,1420,SCN5A:p.G1420V,LOF,primary,False,SCION / Bosselmann et al. 2023,https://github.com/christianbosselmann/SCION
263,SCN5A,LOF,BrS,A,S,1428,SCN5A:p.A1428S,LOF,primary,False,SCION / Bosselmann et al. 2023,https://github.com/christianbosselmann/SCION
264,SCN5A,LOF,BrS,A,V,1428,SCN5A:p.A1428V,LOF,primary,False,SCION / Bosselmann et al. 2023,https://github.com/christianbosselmann/SCION
265,SCN5A,LOF,BrS,D,N,1430,SCN5A:p.D1430N,LOF,primary,False,SCION / Bosselmann et al. 2023,https://github.com/christianbosselmann/SCION
266,SCN5A,LOF,BrS,R,G,1432,SCN5A:p.R1432G,LOF,primary,False,SCION / Bosselmann et al. 2023,https://github.com/christianbosselmann/SCION
267,SCN5A,LOF,BrS,Y,C,1449,SCN5A:p.Y1449C,LOF,primary,False,SCION / Bosselmann et al. 2023,https://github.com/christianbosselmann/SCION
268,SCN5A,LOF,BrS,T,S,1461,SCN5A:p.T1461S,LOF,primary,False,SCION / Bosselmann et al. 2023,https://github.com/christianbosselmann/SCION
269,SCN4A,GOF,PMC,V,I,1293,SCN4A:p.V1293I,GOF,primary,False,SCION / Bosselmann et al. 2023,https://github.com/christianbosselmann/SCION
270,SCN2A,GOF,EPI,I,M,1473,SCN2A:p.I1473M,GOF,primary,False,SCION / Bosselmann et al. 2023,https://github.com/christianbosselmann/SCION
272,SCN4A,GOF,PMC,N,K,1297,SCN4A:p.N1297K,GOF,primary,False,SCION / Bosselmann et al. 2023,https://github.com/christianbosselmann/SCION
273,SCN4A,GOF,PMC,N,S,1297,SCN4A:p.N1297S,GOF,primary,False,SCION / Bosselmann et al. 2023,https://github.com/christianbosselmann/SCION
274,SCN4A,GOF,PAM,F,C,1298,SCN4A:p.F1298C,GOF,primary,False,SCION / Bosselmann et al. 2023,https://github.com/christianbosselmann/SCION
275,SCN5A,GOF,LQT3,F,C,1473,SCN5A:p.F1473C,GOF,primary,False,SCION / Bosselmann et al. 2023,https://github.com/christianbosselmann/SCION
276,SCN5A,GOF,LQT3,F,S,1473,SCN5A:p.F1473S,GOF,primary,False,SCION / Bosselmann et al. 2023,https://github.com/christianbosselmann/SCION
277,SCN9A,GOF,IEM,F,V,1449,SCN9A:p.F1449V,GOF,primary,False,SCION / Bosselmann et al. 2023,https://github.com/christianbosselmann/SCION
278,SCN5A,GOF,LQT3,Q,P,1475,SCN5A:p.Q1475P,GOF,primary,False,SCION / Bosselmann et al. 2023,https://github.com/christianbosselmann/SCION
279,SCN1A,GOF,FHM,Q,H,1489,SCN1A:p.Q1489H,GOF,primary,False,SCION / Bosselmann et al. 2023,https://github.com/christianbosselmann/SCION
280,SCN1A,GOF,FHM,Q,K,1489,SCN1A:p.Q1489K,GOF,primary,True,SCION / Bosselmann et al. 2023,https://github.com/christianbosselmann/SCION
281,SCN5A,GOF,LQT3,Q,R,1476,SCN5A:p.Q1476R,GOF,primary,False,SCION / Bosselmann et al. 2023,https://github.com/christianbosselmann/SCION
282,SCN4A,GOF,PAM,G,E,1306,SCN4A:p.G1306E,GOF,primary,False,SCION / Bosselmann et al. 2023,https://github.com/christianbosselmann/SCION
283,SCN8A,GOF,EPI,G,R,1475,SCN8A:p.G1475R,GOF,primary,False,SCION / Bosselmann et al. 2023,https://github.com/christianbosselmann/SCION
284,SCN1A,LOF,FHM,I,M,1498,SCN1A:p.I1498M,LOF,primary,False,SCION / Bosselmann et al. 2023,https://github.com/christianbosselmann/SCION
285,SCN4A,GOF,PMC,I,N,1310,SCN4A:p.I1310N,GOF,primary,False,SCION / Bosselmann et al. 2023,https://github.com/christianbosselmann/SCION
286,SCN9A,GOF,PEPD,I,T,1461,SCN9A:p.I1461T,GOF,primary,False,SCION / Bosselmann et al. 2023,https://github.com/christianbosselmann/SCION
287,SCN5A,GOF,LQT3,F,L,1486,SCN5A:p.F1486L,GOF,primary,False,SCION / Bosselmann et al. 2023,https://github.com/christianbosselmann/SCION
288,SCN1A,GOF,FHM,F,L,1499,SCN1A:p.F1499L,GOF,primary,False,SCION / Bosselmann et al. 2023,https://github.com/christianbosselmann/SCION
289,SCN1A,GOF,FHM,M,V,1500,SCN1A:p.M1500V,GOF,primary,False,SCION / Bosselmann et al. 2023,https://github.com/christianbosselmann/SCION
290,SCN4A,GOF,PMC,T,A,1313,SCN4A:p.T1313A,GOF,primary,False,SCION / Bosselmann et al. 2023,https://github.com/christianbosselmann/SCION
291,SCN4A,GOF,PMC,T,M,1313,SCN4A:p.T1313M,GOF,primary,False,SCION / Bosselmann et al. 2023,https://github.com/christianbosselmann/SCION
292,SCN9A,GOF,PEPD,T,I,1464,SCN9A:p.T1464I,GOF,primary,False,SCION / Bosselmann et al. 2023,https://github.com/christianbosselmann/SCION
293,SCN3A,GOF,EPI/PMG,T,I,1486,SCN3A:p.T1486I,GOF,primary,False,SCION / Bosselmann et al. 2023,https://github.com/christianbosselmann/SCION
294,SCN8A,GOF,EPI,A,V,1491,SCN8A:p.A1491V,GOF,primary,False,SCION / Bosselmann et al. 2023,https://github.com/christianbosselmann/SCION
295,SCN5A,LOF,BrS,P,S,1506,SCN5A:p.P1506S,LOF,primary,False,SCION / Bosselmann et al. 2023,https://github.com/christianbosselmann/SCION
296,SCN5A,LOF,BrS,R,W,1512,SCN5A:p.R1512W,LOF,primary,False,SCION / Bosselmann et al. 2023,https://github.com/christianbosselmann/SCION
297,SCN1A,LOF,EPI,R,Q,1525,SCN1A:p.R1525Q,LOF,primary,False,SCION / Bosselmann et al. 2023,https://github.com/christianbosselmann/SCION
298,SCN5A,LOF,BrS,N,D,1541,SCN5A:p.N1541D,LOF,primary,False,SCION / Bosselmann et al. 2023,https://github.com/christianbosselmann/SCION
299,SCN4A,GOF,PMC,N,S,1366,SCN4A:p.N1366S,GOF,primary,False,SCION / Bosselmann et al. 2023,https://github.com/christianbosselmann/SCION
301,SCN9A,GOF,IEM,W,R,1538,SCN9A:p.W1538R,GOF,primary,False,SCION / Bosselmann et al. 2023,https://github.com/christianbosselmann/SCION
302,SCN1A,GOF,EPI,R,C,1575,SCN1A:p.R1575C,GOF,primary,False,SCION / Bosselmann et al. 2023,https://github.com/christianbosselmann/SCION
303,SCN2A,GOF,EPI,I,T,1571,SCN2A:p.I1571T,GOF,primary,False,SCION / Bosselmann et al. 2023,https://github.com/christianbosselmann/SCION
304,SCN10A,LOF,SUD,V,I,1518,SCN10A:p.V1518I,LOF,primary,False,SCION / Bosselmann et al. 2023,https://github.com/christianbosselmann/SCION
305,SCN1A,LOF,EPI,E,K,1587,SCN1A:p.E1587K,LOF,primary,False,SCION / Bosselmann et al. 2023,https://github.com/christianbosselmann/SCION
306,SCN5A,LOF,BrS,E,K,1574,SCN5A:p.E1574K,LOF,primary,False,SCION / Bosselmann et al. 2023,https://github.com/christianbosselmann/SCION
307,SCN1A,LOF,EPI,R,C,1596,SCN1A:p.R1596C,LOF,primary,False,SCION / Bosselmann et al. 2023,https://github.com/christianbosselmann/SCION
308,SCN5A,LOF,BrS,R,C,1583,SCN5A:p.R1583C,LOF,primary,False,SCION / Bosselmann et al. 2023,https://github.com/christianbosselmann/SCION
309,SCN2A,GOF,EPI,Y,C,1589,SCN2A:p.Y1589C,GOF,primary,False,SCION / Bosselmann et al. 2023,https://github.com/christianbosselmann/SCION
311,SCN2A,GOF,EPI,F,L,1597,SCN2A:p.F1597L,GOF,primary,False,SCION / Bosselmann et al. 2023,https://github.com/christianbosselmann/SCION
312,SCN5A,LOF,PCCD; BrS,D,N,1595,SCN5A:p.D1595N,LOF,primary,False,SCION / Bosselmann et al. 2023,https://github.com/christianbosselmann/SCION
313,SCN1A,GOF,EPI,V,F,1611,SCN1A:p.V1611F,GOF,primary,False,SCION / Bosselmann et al. 2023,https://github.com/christianbosselmann/SCION
314,SCN5A,GOF,LQT3,S,L,1609,SCN5A:p.S1609L,GOF,primary,False,SCION / Bosselmann et al. 2023,https://github.com/christianbosselmann/SCION
315,SCN1A,GOF,FHM,L,P,1624,SCN1A:p.L1624P,GOF,primary,True,SCION / Bosselmann et al. 2023,https://github.com/christianbosselmann/SCION
316,SCN4A,LOF,CMS,V,E,1442,SCN4A:p.V1442E,LOF,primary,False,SCION / Bosselmann et al. 2023,https://github.com/christianbosselmann/SCION
317,SCN1A,LOF,EPI,P,S,1632,SCN1A:p.P1632S,LOF,primary,True,SCION / Bosselmann et al. 2023,https://github.com/christianbosselmann/SCION
318,SCN2A,LOF,EPI,P,S,1622,SCN2A:p.P1622S,LOF,primary,False,SCION / Bosselmann et al. 2023,https://github.com/christianbosselmann/SCION
320,SCN2A,GOF,EPI,T,N,1623,SCN2A:p.T1623N,GOF,primary,False,SCION / Bosselmann et al. 2023,https://github.com/christianbosselmann/SCION
321,SCN5A,LOF,BrS,T,M,1620,SCN5A:p.T1620M,LOF,primary,False,SCION / Bosselmann et al. 2023,https://github.com/christianbosselmann/SCION
322,SCN3A,GOF,EPI/PMG,R,G,1621,SCN3A:p.R1621G,GOF,primary,False,SCION / Bosselmann et al. 2023,https://github.com/christianbosselmann/SCION
323,SCN3A,GOF,EPI/PMG,R,Q,1621,SCN3A:p.R1621Q,GOF,primary,False,SCION / Bosselmann et al. 2023,https://github.com/christianbosselmann/SCION
324,SCN5A,GOF,LQT3,R,Q,1623,SCN5A:p.R1623Q,GOF,primary,False,SCION / Bosselmann et al. 2023,https://github.com/christianbosselmann/SCION
325,SCN8A,GOF,EPI,R,Q,1617,SCN8A:p.R1617Q,GOF,primary,False,SCION / Bosselmann et al. 2023,https://github.com/christianbosselmann/SCION
326,SCN4A,LOF,HypoPP,R,C,1451,SCN4A:p.R1451C,LOF,primary,False,SCION / Bosselmann et al. 2023,https://github.com/christianbosselmann/SCION
327,SCN5A,GOF,LQT3,R,P,1626,SCN5A:p.R1626P,GOF,primary,False,SCION / Bosselmann et al. 2023,https://github.com/christianbosselmann/SCION
328,SCN4A,LOF,PMC,R,L,1451,SCN4A:p.R1451L,LOF,primary,False,SCION / Bosselmann et al. 2023,https://github.com/christianbosselmann/SCION
329,SCN8A,LOF,ASD,R,L,1620,SCN8A:p.R1620L,LOF,primary,False,SCION / Bosselmann et al. 2023,https://github.com/christianbosselmann/SCION
330,SCN8A,GOF,ASD,A,D,1622,SCN8A:p.A1622D,GOF,primary,False,SCION / Bosselmann et al. 2023,https://github.com/christianbosselmann/SCION
331,SCN5A,LOF,BrS,R,Q,1629,SCN5A:p.R1629Q,LOF,primary,False,SCION / Bosselmann et al. 2023,https://github.com/christianbosselmann/SCION
332,SCN4A,LOF,CMS,R,W,1454,SCN4A:p.R1454W,LOF,primary,False,SCION / Bosselmann et al. 2023,https://github.com/christianbosselmann/SCION
334,SCN5A,GOF,LQT3,G,D,1631,SCN5A:p.G1631D,GOF,primary,False,SCION / Bosselmann et al. 2023,https://github.com/christianbosselmann/SCION
335,SCN9A,GOF,PEPD,G,R,1607,SCN9A:p.G1607R,GOF,primary,False,SCION / Bosselmann et al. 2023,https://github.com/christianbosselmann/SCION
336,SCN5A,LOF,BrS,R,C,1632,SCN5A:p.R1632C,LOF,primary,False,SCION / Bosselmann et al. 2023,https://github.com/christianbosselmann/SCION
337,SCN4A,LOF,CMS,R,H,1457,SCN4A:p.R1457H,LOF,primary,False,SCION / Bosselmann et al. 2023,https://github.com/christianbosselmann/SCION
343,SCN9A,GOF,PEPD,L,P,1612,SCN9A:p.L1612P,GOF,primary,False,SCION / Bosselmann et al. 2023,https://github.com/christianbosselmann/SCION
345,SCN10A,LOF,AF,R,Q,1588,SCN10A:p.R1588Q,LOF,primary,False,SCION / Bosselmann et al. 2023,https://github.com/christianbosselmann/SCION
346,SCN5A,LOF,BrS,G,E,1642,SCN5A:p.G1642E,LOF,primary,False,SCION / Bosselmann et al. 2023,https://github.com/christianbosselmann/SCION
347,SCN1A,LOF,EPI,I,M,1656,SCN1A:p.I1656M,LOF,primary,True,SCION / Bosselmann et al. 2023,https://github.com/christianbosselmann/SCION
348,SCN1A,LOF,EPI,R,C,1657,SCN1A:p.R1657C,LOF,primary,True,SCION / Bosselmann et al. 2023,https://github.com/christianbosselmann/SCION
349,SCN5A,LOF,BrS,R,C,1644,SCN5A:p.R1644C,LOF,primary,False,SCION / Bosselmann et al. 2023,https://github.com/christianbosselmann/SCION
350,SCN8A,LOF,NDD,R,C,1638,SCN8A:p.R1638C,LOF,primary,False,SCION / Bosselmann et al. 2023,https://github.com/christianbosselmann/SCION
351,SCN5A,GOF,LQT3,R,H,1644,SCN5A:p.R1644H,GOF,primary,False,SCION / Bosselmann et al. 2023,https://github.com/christianbosselmann/SCION
352,SCN3A,GOF,EPI/PMG,F,C,1646,SCN3A:p.F1646C,GOF,primary,False,SCION / Bosselmann et al. 2023,https://github.com/christianbosselmann/SCION
353,SCN1A,GOF,FHM,F,L,1661,SCN1A:p.F1661L,GOF,primary,False,SCION / Bosselmann et al. 2023,https://github.com/christianbosselmann/SCION
355,SCN4A,GOF,PMC,F,S,1473,SCN4A:p.F1473S,GOF,primary,False,SCION / Bosselmann et al. 2023,https://github.com/christianbosselmann/SCION
356,SCN1A,LOF,EPI,M,K,1664,SCN1A:p.M1664K,LOF,primary,True,SCION / Bosselmann et al. 2023,https://github.com/christianbosselmann/SCION
357,SCN9A,GOF,PEPD,M,K,1627,SCN9A:p.M1627K,GOF,primary,False,SCION / Bosselmann et al. 2023,https://github.com/christianbosselmann/SCION
358,SCN5A,GOF,LQT3,M,R,1652,SCN5A:p.M1652R,GOF,primary,False,SCION / Bosselmann et al. 2023,https://github.com/christianbosselmann/SCION
359,SCN2A,LOF,EPI,P,S,1658,SCN2A:p.P1658S,LOF,primary,False,SCION / Bosselmann et al. 2023,https://github.com/christianbosselmann/SCION
360,SCN5A,GOF,LQT3,A,D,1656,SCN5A:p.A1656D,GOF,primary,False,SCION / Bosselmann et al. 2023,https://github.com/christianbosselmann/SCION
361,SCN9A,GOF,IEM; PEPD,A,E,1632,SCN9A:p.A1632E,GOF,primary,False,SCION / Bosselmann et al. 2023,https://github.com/christianbosselmann/SCION
362,SCN9A,GOF,IEM,A,G,1632,SCN9A:p.A1632G,GOF,primary,False,SCION / Bosselmann et al. 2023,https://github.com/christianbosselmann/SCION
363,SCN9A,GOF,IEM,A,T,1632,SCN9A:p.A1632T,GOF,primary,False,SCION / Bosselmann et al. 2023,https://github.com/christianbosselmann/SCION
365,SCN5A,LOF,BrS,I,V,1660,SCN5A:p.I1660V,LOF,primary,False,SCION / Bosselmann et al. 2023,https://github.com/christianbosselmann/SCION
366,SCN1A,LOF,EPI,G,R,1674,SCN1A:p.G1674R,LOF,primary,True,SCION / Bosselmann et al. 2023,https://github.com/christianbosselmann/SCION
367,SCN5A,LOF,BrS,G,R,1661,SCN5A:p.G1661R,LOF,primary,False,SCION / Bosselmann et al. 2023,https://github.com/christianbosselmann/SCION
368,SCN5A,GOF,LQT3,V,I,1667,SCN5A:p.V1667I,GOF,primary,False,SCION / Bosselmann et al. 2023,https://github.com/christianbosselmann/SCION
370,SCN3A,LOF,ASD,Y,C,1669,SCN3A:p.Y1669C,LOF,primary,False,SCION / Bosselmann et al. 2023,https://github.com/christianbosselmann/SCION
371,SCN1A,LOF,EPI,A,D,1685,SCN1A:p.A1685D,LOF,primary,True,SCION / Bosselmann et al. 2023,https://github.com/christianbosselmann/SCION
372,SCN1A,LOF,EPI,A,V,1685,SCN1A:p.A1685V,LOF,primary,True,SCION / Bosselmann et al. 2023,https://github.com/christianbosselmann/SCION
373,SCN5A,LOF,BrS,S,Y,1672,SCN5A:p.S1672Y,LOF,primary,False,SCION / Bosselmann et al. 2023,https://github.com/christianbosselmann/SCION
375,SCN10A,LOF,SFN,D,N,1639,SCN10A:p.D1639N,LOF,primary,False,SCION / Bosselmann et al. 2023,https://github.com/christianbosselmann/SCION
376,SCN5A,LOF,BrS,D,N,1690,SCN5A:p.D1690N,LOF,primary,False,SCION / Bosselmann et al. 2023,https://github.com/christianbosselmann/SCION
377,SCN1A,LOF,EPI,T,I,1709,SCN1A:p.T1709I,LOF,primary,True,SCION / Bosselmann et al. 2023,https://github.com/christianbosselmann/SCION
378,SCN5A,LOF,LQT3; BrS,T,M,1709,SCN5A:p.T1709M,LOF,primary,False,SCION / Bosselmann et al. 2023,https://github.com/christianbosselmann/SCION
379,SCN5A,LOF,BrS,G,C,1712,SCN5A:p.G1712C,LOF,primary,False,SCION / Bosselmann et al. 2023,https://github.com/christianbosselmann/SCION
380,SCN10A,GOF,SFN,G,S,1662,SCN10A:p.G1662S,GOF,primary,False,SCION / Bosselmann et al. 2023,https://github.com/christianbosselmann/SCION
381,SCN5A,LOF,BrS,D,G,1714,SCN5A:p.D1714G,LOF,primary,False,SCION / Bosselmann et al. 2023,https://github.com/christianbosselmann/SCION
382,SCN5A,LOF,BrS,N,D,1722,SCN5A:p.N1722D,LOF,primary,False,SCION / Bosselmann et al. 2023,https://github.com/christianbosselmann/SCION
383,SCN5A,LOF,BrS,P,H,1730,SCN5A:p.P1730H,LOF,primary,False,SCION / Bosselmann et al. 2023,https://github.com/christianbosselmann/SCION
384,SCN1A,LOF,EPI,G,E,1749,SCN1A:p.G1749E,LOF,primary,True,SCION / Bosselmann et al. 2023,https://github.com/christianbosselmann/SCION
385,SCN5A,LOF,BrS,G,R,1740,SCN5A:p.G1740R,LOF,primary,False,SCION / Bosselmann et al. 2023,https://github.com/christianbosselmann/SCION
386,SCN5A,LOF,BrS,G,R,1743,SCN5A:p.G1743R,LOF,primary,False,SCION / Bosselmann et al. 2023,https://github.com/christianbosselmann/SCION
387,SCN5A,LOF,BrS,G,D,1748,SCN5A:p.G1748D,LOF,primary,False,SCION / Bosselmann et al. 2023,https://github.com/christianbosselmann/SCION
388,SCN1A,LOF,EPI,F,L,1765,SCN1A:p.F1765L,LOF,primary,True,SCION / Bosselmann et al. 2023,https://github.com/christianbosselmann/SCION
389,SCN10A,GOF,SFN,I,V,1706,SCN10A:p.I1706V,GOF,primary,False,SCION / Bosselmann et al. 2023,https://github.com/christianbosselmann/SCION
390,SCN1A,GOF,FHM,F,S,1774,SCN1A:p.F1774S,GOF,primary,False,SCION / Bosselmann et al. 2023,https://github.com/christianbosselmann/SCION
391,SCN5A,GOF,LQT3,I,A,1762,SCN5A:p.I1762A,GOF,primary,False,SCION / Bosselmann et al. 2023,https://github.com/christianbosselmann/SCION
392,SCN5A,GOF,LQT3,V,M,1763,SCN5A:p.V1763M,GOF,primary,False,SCION / Bosselmann et al. 2023,https://github.com/christianbosselmann/SCION
393,SCN8A,LOF,EPI,V,A,1758,SCN8A:p.V1758A,LOF,primary,False,SCION / Bosselmann et al. 2023,https://github.com/christianbosselmann/SCION
394,SCN5A,GOF,LQT3,V,M,1764,SCN5A:p.V1764M,GOF,primary,False,SCION / Bosselmann et al. 2023,https://github.com/christianbosselmann/SCION
395,SCN3A,GOF,EPI/PMG,M,I,1765,SCN3A:p.M1765I,GOF,primary,False,SCION / Bosselmann et al. 2023,https://github.com/christianbosselmann/SCION
396,SCN8A,GOF,EPI,M,I,1760,SCN8A:p.M1760I,GOF,primary,False,SCION / Bosselmann et al. 2023,https://github.com/christianbosselmann/SCION
398,SCN5A,GOF,LQT3,Y,C,1767,SCN5A:p.Y1767C,GOF,primary,False,SCION / Bosselmann et al. 2023,https://github.com/christianbosselmann/SCION
399,SCN5A,GOF,LQT3,I,V,1768,SCN5A:p.I1768V,GOF,primary,False,SCION / Bosselmann et al. 2023,https://github.com/christianbosselmann/SCION
400,SCN9A,GOF,IEM,A,G,1746,SCN9A:p.A1746G,GOF,primary,False,SCION / Bosselmann et al. 2023,https://github.com/christianbosselmann/SCION
401,SCN2A,LOF,EPI,A,T,1773,SCN2A:p.A1773T,LOF,primary,False,SCION / Bosselmann et al. 2023,https://github.com/christianbosselmann/SCION
402,SCN3A,GOF,EPI,V,A,1769,SCN3A:p.V1769A,GOF,primary,False,SCION / Bosselmann et al. 2023,https://github.com/christianbosselmann/SCION
403,SCN5A,GOF,LQT3,N,D,1774,SCN5A:p.N1774D,GOF,primary,False,SCION / Bosselmann et al. 2023,https://github.com/christianbosselmann/SCION
404,SCN8A,GOF,EPI,N,D,1768,SCN8A:p.N1768D,GOF,primary,False,SCION / Bosselmann et al. 2023,https://github.com/christianbosselmann/SCION
407,SCN5A,GOF,LQT3,S,N,1787,SCN5A:p.S1787N,GOF,primary,False,SCION / Bosselmann et al. 2023,https://github.com/christianbosselmann/SCION
410,SCN5A,GOF,LQT3,Y,C,1795,SCN5A:p.Y1795C,GOF,primary,False,SCION / Bosselmann et al. 2023,https://github.com/christianbosselmann/SCION
411,SCN5A,LOF,BrS,Y,H,1795,SCN5A:p.Y1795H,LOF,primary,False,SCION / Bosselmann et al. 2023,https://github.com/christianbosselmann/SCION
412,SCN2A,GOF,EPI,E,G,1803,SCN2A:p.E1803G,GOF,primary,False,SCION / Bosselmann et al. 2023,https://github.com/christianbosselmann/SCION
413,SCN4A,GOF,PAM,Q,E,1633,SCN4A:p.Q1633E,GOF,primary,False,SCION / Bosselmann et al. 2023,https://github.com/christianbosselmann/SCION
414,SCN1A,LOF,EPI,F,S,1831,SCN1A:p.F1831S,LOF,primary,False,SCION / Bosselmann et al. 2023,https://github.com/christianbosselmann/SCION
415,SCN5A,LOF,LQT3,L,P,1825,SCN5A:p.L1825P,LOF,primary,False,SCION / Bosselmann et al. 2023,https://github.com/christianbosselmann/SCION
416,SCN5A,LOF,BrS,Q,E,1832,SCN5A:p.Q1832E,LOF,primary,False,SCION / Bosselmann et al. 2023,https://github.com/christianbosselmann/SCION
418,SCN5A,LOF,BrS,C,S,1850,SCN5A:p.C1850S,LOF,primary,False,SCION / Bosselmann et al. 2023,https://github.com/christianbosselmann/SCION
419,SCN1A,GOF,EPI,D,Y,1866,SCN1A:p.D1866Y,GOF,primary,True,SCION / Bosselmann et al. 2023,https://github.com/christianbosselmann/SCION
420,SCN2A,GOF,EPI,M,T,1879,SCN2A:p.M1879T,GOF,primary,False,SCION / Bosselmann et al. 2023,https://github.com/christianbosselmann/SCION
421,SCN8A,GOF,EPI,R,L,1872,SCN8A:p.R1872L,GOF,primary,False,SCION / Bosselmann et al. 2023,https://github.com/christianbosselmann/SCION
422,SCN2A,GOF,EPI,R,G,1882,SCN2A:p.R1882G,GOF,primary,False,SCION / Bosselmann et al. 2023,https://github.com/christianbosselmann/SCION
423,SCN2A,GOF,EPI,R,Q,1882,SCN2A:p.R1882Q,GOF,primary,False,SCION / Bosselmann et al. 2023,https://github.com/christianbosselmann/SCION
424,SCN8A,GOF,EPI,R,Q,1872,SCN8A:p.R1872Q,GOF,primary,False,SCION / Bosselmann et al. 2023,https://github.com/christianbosselmann/SCION
425,SCN8A,GOF,EPI,R,W,1872,SCN8A:p.R1872W,GOF,primary,False,SCION / Bosselmann et al. 2023,https://github.com/christianbosselmann/SCION
427,SCN5A,LOF,LQT3,R,W,1897,SCN5A:p.R1897W,LOF,primary,False,SCION / Bosselmann et al. 2023,https://github.com/christianbosselmann/SCION
428,SCN5A,LOF,BrS,R,C,1898,SCN5A:p.R1898C,LOF,primary,False,SCION / Bosselmann et al. 2023,https://github.com/christianbosselmann/SCION
429,SCN1A,LOF,EPI,Q,R,1923,SCN1A:p.Q1923R,LOF,primary,True,SCION / Bosselmann et al. 2023,https://github.com/christianbosselmann/SCION
431,SCN1A,LOF,EPI,R,G,1927,SCN1A:p.R1927G,LOF,primary,True,SCION / Bosselmann et al. 2023,https://github.com/christianbosselmann/SCION
432,SCN1A,LOF,EPI,T,I,1934,SCN1A:p.T1934I,LOF,primary,False,SCION / Bosselmann et al. 2023,https://github.com/christianbosselmann/SCION
433,SCN10A,GOF,AF,A,V,1886,SCN10A:p.A1886V,GOF,primary,False,SCION / Bosselmann et al. 2023,https://github.com/christianbosselmann/SCION
434,SCN5A,LOF,BrS,I,S,1968,SCN5A:p.I1968S,LOF,primary,False,SCION / Bosselmann et al. 2023,https://github.com/christianbosselmann/SCION
436,SCN5A,LOF,LQT3; BrS,F,L,2004,SCN5A:p.F2004L,LOF,primary,False,SCION / Bosselmann et al. 2023,https://github.com/christianbosselmann/SCION
437,SCN5A,GOF,LQT3,P,A,2006,SCN5A:p.P2006A,GOF,primary,False,SCION / Bosselmann et al. 2023,https://github.com/christianbosselmann/SCION
