column,role,leakage_status
variant_id,IDENTIFIER,EXCLUDE_FROM_MODEL
gene_id,IDENTIFIER,EXCLUDE_FROM_MODEL
allele_id,IDENTIFIER,EXCLUDE_FROM_MODEL
variation_id,IDENTIFIER,EXCLUDE_FROM_MODEL
hgvs_name,RAW_TEXT_OR_REVIEW_FIELD,EXCLUDE_FROM_INITIAL_MODEL
clinical_significance,TARGET_CANDIDATE,DO_NOT_USE_AS_INDEPENDENT_TARGET
review_status,RAW_TEXT_OR_REVIEW_FIELD,EXCLUDE_FROM_INITIAL_MODEL
phenotypes,RAW_TEXT_OR_REVIEW_FIELD,EXCLUDE_FROM_INITIAL_MODEL
pathogenic_count,CANDIDATE_FEATURE,REQUIRES_LEAKAGE_ASSESSMENT
pathogenic_likely_pathogenic_count,CANDIDATE_FEATURE,REQUIRES_LEAKAGE_ASSESSMENT
likely_pathogenic_count,CANDIDATE_FEATURE,REQUIRES_LEAKAGE_ASSESSMENT
benign_count,CANDIDATE_FEATURE,REQUIRES_LEAKAGE_ASSESSMENT
benign_likely_benign_count,CANDIDATE_FEATURE,REQUIRES_LEAKAGE_ASSESSMENT
likely_benign_count,CANDIDATE_FEATURE,REQUIRES_LEAKAGE_ASSESSMENT
vus_count,CANDIDATE_FEATURE,REQUIRES_LEAKAGE_ASSESSMENT
conflicting_count,CANDIDATE_FEATURE,REQUIRES_LEAKAGE_ASSESSMENT
submitter_count,CANDIDATE_FEATURE,LOWER_INITIAL_RISK
multiple_submitters,CANDIDATE_FEATURE,REQUIRES_LEAKAGE_ASSESSMENT
expert_panel_review,CANDIDATE_FEATURE,REQUIRES_LEAKAGE_ASSESSMENT
conflict_flag,CANDIDATE_FEATURE,REQUIRES_LEAKAGE_ASSESSMENT
phenotype_available,CANDIDATE_FEATURE,LOWER_INITIAL_RISK
grch37_present,CANDIDATE_FEATURE,LOWER_INITIAL_RISK
grch38_present,CANDIDATE_FEATURE,LOWER_INITIAL_RISK
dbsnp_present,CANDIDATE_FEATURE,LOWER_INITIAL_RISK
genomic_coordinates_present,CANDIDATE_FEATURE,LOWER_INITIAL_RISK
hgvs_present,CANDIDATE_FEATURE,LOWER_INITIAL_RISK
