,pathogenic_count,pathogenic_likely_pathogenic_count,likely_pathogenic_count,benign_count,benign_likely_benign_count,likely_benign_count,vus_count,conflicting_count,submitter_count,multiple_submitters,expert_panel_review,conflict_flag,phenotype_available,grch37_present,grch38_present,dbsnp_present,genomic_coordinates_present,hgvs_present
pathogenic_count,1.0,-0.11834627253679386,-0.2153803742351173,-0.09094837046659561,-0.061607900960035655,-0.24590509537522953,-0.40351598214298867,-0.16570757264505695,-0.06411457538649426,-0.13017371345392786,-0.011250110728084475,-0.16570757264505695,,-0.042441494911920806,-0.13610929526942786,0.06482021868879986,,
pathogenic_likely_pathogenic_count,-0.11834627253679386,1.0,-0.0725504417618895,-0.030635773933944854,-0.02075249635230932,-0.08283263210183253,-0.13592353930306775,-0.05581825939983455,0.24720453303697337,0.31016135963940566,-0.01055735256818979,-0.05581825939983455,,0.009139741853950573,0.02142606986535554,0.08080930856427972,,
likely_pathogenic_count,-0.2153803742351173,-0.0725504417618895,1.0,-0.05575456086142527,-0.03776781756504997,-0.1507485019895813,-0.24736953800851397,-0.10158459021133544,-0.10985660328184897,-0.14962083299795206,0.03569680172324123,-0.10158459021133544,,-0.03090353861489329,0.01852508225090998,-0.09209941075765384,,
benign_count,-0.09094837046659561,-0.030635773933944854,-0.05575456086142527,1.0,-0.015948163688634318,-0.06365635984672438,-0.10445639007196408,-0.04289598333668197,0.04748302703169766,0.03403541125636169,0.02128023266528414,-0.04289598333668197,,0.00702383446714636,0.016465800721790977,0.059678833872232724,,
benign_likely_benign_count,-0.061607900960035655,-0.02075249635230932,-0.03776781756504997,-0.015948163688634318,1.0,-0.04312045056765236,-0.07075815543677086,-0.02905749140343613,0.2564748221525825,0.15649712566124754,-0.005495875091621464,-0.02905749140343613,,0.004757904907933447,0.011153838324879938,0.04863142276021547,,
likely_benign_count,-0.24590509537522953,-0.08283263210183253,-0.1507485019895813,-0.06365635984672438,-0.04312045056765236,1.0,-0.28242791411675444,-0.11598163682872421,-0.08369261563746816,-0.08821854351659032,0.0029618946110212298,-0.11598163682872421,,0.01899095800927898,0.03833254048445628,-0.002552448869726851,,
vus_count,-0.40351598214298867,-0.13592353930306775,-0.24736953800851397,-0.10445639007196408,-0.07075815543677086,-0.28242791411675444,1.0,-0.19031913114317786,-0.13584193719259058,-0.1101097932827834,-0.007579616332705493,-0.19031913114317786,,0.031163059314638676,0.04951519011352152,-0.12648104674110852,,
conflicting_count,-0.16570757264505695,-0.05581825939983455,-0.10158459021133544,-0.04289598333668197,-0.02905749140343613,-0.11598163682872421,-0.19031913114317786,1.0,0.3080991444334391,0.4323168815273773,-0.014782326727602492,1.0,,0.012797398724575765,0.030000624038308207,0.10746133266059568,,
submitter_count,-0.06411457538649426,0.24720453303697337,-0.10985660328184897,0.04748302703169766,0.2564748221525825,-0.08369261563746816,-0.13584193719259058,0.3080991444334391,1.0,0.6052188238663515,0.0941054308957002,0.3080991444334391,,0.01783440665117236,0.041808756639010555,0.16153589400687968,,
multiple_submitters,-0.13017371345392786,0.31016135963940566,-0.14962083299795206,0.03403541125636169,0.15649712566124754,-0.08821854351659032,-0.1101097932827834,0.4323168815273773,0.6052188238663515,1.0,0.0821399055750692,0.4323168815273773,,0.029467699859765828,0.06908039702387803,0.23203901048472095,,
expert_panel_review,-0.011250110728084475,-0.01055735256818979,0.03569680172324123,0.02128023266528414,-0.005495875091621464,0.0029618946110212298,-0.007579616332705493,-0.014782326727602492,0.0941054308957002,0.0821399055750692,1.0,-0.014782326727602501,,0.0024204740839954726,0.005674257288629297,0.024740111611447207,,
conflict_flag,-0.16570757264505695,-0.05581825939983455,-0.10158459021133544,-0.04289598333668197,-0.02905749140343613,-0.11598163682872421,-0.19031913114317786,1.0,0.3080991444334391,0.4323168815273773,-0.014782326727602501,1.0,,0.012797398724575765,0.030000624038308207,0.10746133266059568,,
phenotype_available,,,,,,,,,,,,,,,,,,
grch37_present,-0.042441494911920806,0.009139741853950573,-0.03090353861489329,0.00702383446714636,0.004757904907933447,0.01899095800927898,0.031163059314638676,0.012797398724575765,0.01783440665117236,0.029467699859765828,0.0024204740839954726,0.012797398724575765,,1.0,0.3786284821822616,0.09783602119546585,,
grch38_present,-0.13610929526942786,0.02142606986535554,0.01852508225090998,0.016465800721790977,0.011153838324879938,0.03833254048445628,0.04951519011352152,0.030000624038308207,0.041808756639010555,0.06908039702387803,0.005674257288629297,0.030000624038308207,,0.3786284821822616,1.0,0.2293545549731575,,
dbsnp_present,0.06482021868879986,0.08080930856427972,-0.09209941075765384,0.059678833872232724,0.04863142276021547,-0.002552448869726851,-0.12648104674110852,0.10746133266059568,0.16153589400687968,0.23203901048472095,0.024740111611447207,0.10746133266059568,,0.09783602119546585,0.2293545549731575,1.0,,
genomic_coordinates_present,,,,,,,,,,,,,,,,,,
hgvs_present,,,,,,,,,,,,,,,,,,
