feature,train_unique_values,test_unique_values,train_mean,test_mean,train_std,test_std,train_min,test_min,train_max,test_max,train_constant,test_constant,absolute_mean_difference,relative_mean_difference
pathogenic_count,2,2,0.2599907063197026,0.24233983286908078,0.43868012366790726,0.4286978897648315,0.0,0.0,1.0,1.0,False,False,0.01765087345062183,0.06789040154734258
pathogenic_likely_pathogenic_count,2,2,0.0383364312267658,0.04456824512534819,0.19202946896954862,0.2064497297740452,0.0,0.0,1.0,1.0,False,False,0.006231813898582392,0.16255592133029464
likely_pathogenic_count,2,2,0.11663568773234201,0.12534818941504178,0.3210229715440529,0.33126713244461126,0.0,0.0,1.0,1.0,False,False,0.00871250168269977,0.07469842080147372
benign_count,2,2,0.02300185873605948,0.022284122562674095,0.14992663476986418,0.1476746054263271,0.0,0.0,1.0,1.0,False,False,0.000717736173385386,0.031203398891421222
benign_likely_benign_count,2,2,0.010687732342007435,0.014856081708449397,0.1028394961074066,0.12103297153108271,0.0,0.0,1.0,1.0,False,False,0.004168349366441962,0.3900125146340479
likely_benign_count,2,2,0.14684014869888476,0.14484679665738162,0.35398761781051946,0.3521098116266079,0.0,0.0,1.0,1.0,False,False,0.001993352041503138,0.013574979725679599
vus_count,2,2,0.316682156133829,0.32219127205199627,0.4652363456920735,0.46753290304064254,0.0,0.0,1.0,1.0,False,False,0.005509115918167273,0.01739635723535726
conflicting_count,2,2,0.0724907063197026,0.06870937790157845,0.2593288050892623,0.2530768026954088,0.0,0.0,1.0,1.0,False,False,0.003781328418124147,0.052162940742327975
submitter_count,20,15,1.6136152416356877,1.724233983286908,1.575170618990531,1.7742209906433872,1.0,1.0,20.0,17.0,False,False,0.11061874165122032,0.06855335695707016
multiple_submitters,2,2,0.2929832713754647,0.3073351903435469,0.4551837140368828,0.46160385097850304,0.0,0.0,1.0,1.0,False,False,0.014351918968082189,0.04898545538352556
expert_panel_review,2,2,0.0027881040892193307,0.009285051067780872,0.052734966602025084,0.09595513535621114,0.0,0.0,1.0,1.0,False,False,0.006496946978561541,2.3302383163107394
conflict_flag,2,2,0.0724907063197026,0.06870937790157845,0.2593288050892623,0.2530768026954088,0.0,0.0,1.0,1.0,False,False,0.003781328418124147,0.052162940742327975
phenotype_available,1,1,1.0,1.0,0.0,0.0,1.0,1.0,1.0,1.0,True,True,0.0,0.0
grch37_present,2,2,0.9979089219330854,0.9972144846796658,0.045685778984716215,0.052728908414304616,0.0,0.0,1.0,1.0,False,False,0.0006944372534196663,0.0006958924187935376
grch38_present,2,2,0.9886152416356877,0.9860724233983287,0.10610259795196504,0.1172448838104097,0.0,0.0,1.0,1.0,False,False,0.0025428182373590236,0.0025721009855683287
dbsnp_present,2,2,0.8203996282527881,0.8068709377901578,0.38389884135054003,0.3949367685735675,0.0,0.0,1.0,1.0,False,False,0.013528690462630277,0.01649036639794979
genomic_coordinates_present,1,1,1.0,1.0,0.0,0.0,1.0,1.0,1.0,1.0,True,True,0.0,0.0
hgvs_present,1,1,1.0,1.0,0.0,0.0,1.0,1.0,1.0,1.0,True,True,0.0,0.0
